{
  "mean": -5.523807525634766,
  "std": 5.614746570587158,
  "min": -16.552982330322266,
  "max": 0.012072335928678513,
  "norm": 88.93433380126953
}