{
  "mean": 0.0007332954555749893,
  "std": 0.0836050808429718,
  "min": -0.21382911503314972,
  "max": 0.24184685945510864,
  "norm": 1.1554898023605347
}