{
  "mean": -1.2417634698280722e-09,
  "std": 0.21211516857147217,
  "min": -0.7361793518066406,
  "max": 0.825214684009552,
  "norm": 5.8744797706604
}