{
  "mean": -0.0029750659596174955,
  "std": 0.07119937986135483,
  "min": -0.4299340844154358,
  "max": 0.2516627907752991,
  "norm": 1.3946185111999512
}