{
  "mean": -3.8805106350459084e-10,
  "std": 0.0770600438117981,
  "min": -0.16860352456569672,
  "max": 0.32321956753730774,
  "norm": 1.0649909973144531
}