{
  "mean": 0.0038941989187151194,
  "std": 0.06057550385594368,
  "min": -0.3050629496574402,
  "max": 0.2443573772907257,
  "norm": 1.6810917854309082
}