{
  "mean": -9.42757378652459e-06,
  "std": 0.04620013386011124,
  "min": -1.1248419284820557,
  "max": 1.1646995544433594,
  "norm": 30.727863311767578
}