{
  "mean": -4.680925940192537e-06,
  "std": 0.04285633936524391,
  "min": -0.33852240443229675,
  "max": 0.33431747555732727,
  "norm": 16.45673179626465
}