{
  "mean": 0.0015977158909663558,
  "std": 0.06866807490587234,
  "min": -0.16980710625648499,
  "max": 0.15222159028053284,
  "norm": 0.6694766879081726
}