{
  "mean": 0.0031228531152009964,
  "std": 0.07386066764593124,
  "min": -0.3747841715812683,
  "max": 0.3491675853729248,
  "norm": 1.7727017402648926
}