{
  "mean": 6.693881005048752e-10,
  "std": 0.06360702216625214,
  "min": -0.2061428427696228,
  "max": 0.31258636713027954,
  "norm": 0.8790664672851562
}