{
  "mean": 0.007388071622699499,
  "std": 0.06197066605091095,
  "min": -0.1637515425682068,
  "max": 0.3357445001602173,
  "norm": 0.6083375215530396
}