{
  "mean": 0.004006137605756521,
  "std": 0.06937515735626221,
  "min": -0.3397970497608185,
  "max": 0.35006266832351685,
  "norm": 1.3599662780761719
}