{
  "mean": -2.755392268516399e-11,
  "std": 0.0006893522222526371,
  "min": -0.0038467436097562313,
  "max": 0.009191234596073627,
  "norm": 0.015506595373153687
}