{
  "mean": -0.0030317523051053286,
  "std": 0.0741695910692215,
  "min": -0.36759936809539795,
  "max": 0.32615283131599426,
  "norm": 2.9083244800567627
}