{
  "mean": 0.0007671231287531555,
  "std": 0.10347453504800797,
  "min": -0.5012589693069458,
  "max": 0.7342904806137085,
  "norm": 2.865781784057617
}