{
  "mean": -1.5522043372850902e-10,
  "std": 0.12373365461826324,
  "min": -0.446115642786026,
  "max": 0.3373815417289734,
  "norm": 2.421515464782715
}