{
  "mean": -4.8200196033576503e-05,
  "std": 0.07958902418613434,
  "min": -1.1689294576644897,
  "max": 1.0443189144134521,
  "norm": 61.12092971801758
}