{
  "mean": -0.00011972577340202406,
  "std": 0.11252396553754807,
  "min": -1.3360215425491333,
  "max": 1.6116193532943726,
  "norm": 21.60426139831543
}