{
  "mean": 0.01878291368484497,
  "std": 0.1071595847606659,
  "min": -0.248424232006073,
  "max": 0.3300962746143341,
  "norm": 1.5036700963974
}