{
  "mean": 0.007994089275598526,
  "std": 0.07870613783597946,
  "min": -0.24431294202804565,
  "max": 0.30679529905319214,
  "norm": 0.7711208462715149
}