{
  "mean": 0.001796908094547689,
  "std": 0.11993134021759033,
  "min": -0.5452830791473389,
  "max": 0.6052960753440857,
  "norm": 3.3218438625335693
}