{
  "mean": 7.321747489186237e-06,
  "std": 0.16790816187858582,
  "min": -0.5979005098342896,
  "max": 0.4460044503211975,
  "norm": 3.286027669906616
}