{
  "mean": -0.011737254448235035,
  "std": 0.1060764417052269,
  "min": -0.3663603961467743,
  "max": 0.1888076215982437,
  "norm": 1.0402814149856567
}