{
  "mean": -5.1740143419687357e-11,
  "std": 0.12303853034973145,
  "min": -1.8623849153518677,
  "max": 2.5152857303619385,
  "norm": 133.62417602539062
}