{
  "mean": 4.536601409199648e-06,
  "std": 0.03826463222503662,
  "min": -0.5633966326713562,
  "max": 0.502265989780426,
  "norm": 29.385982513427734
}