{
  "mean": -0.007324150297790766,
  "std": 0.09209675341844559,
  "min": -0.46622198820114136,
  "max": 0.32996639609336853,
  "norm": 1.8080744743347168
}