{
  "mean": 2.953844671083061e-07,
  "std": 0.03994906321167946,
  "min": -0.630113422870636,
  "max": 0.4249463677406311,
  "norm": 30.679601669311523
}