{
  "mean": 0.001246641855686903,
  "std": 0.06550157070159912,
  "min": -0.3024666905403137,
  "max": 0.3157503008842468,
  "norm": 2.222634792327881
}