{
  "mean": 0.0035981417167931795,
  "std": 0.07825613021850586,
  "min": -0.38703250885009766,
  "max": 0.3644547462463379,
  "norm": 1.5331250429153442
}