{
  "mean": 0.006250843871384859,
  "std": 0.11111503839492798,
  "min": -0.36533981561660767,
  "max": 0.3643870949745178,
  "norm": 2.178011178970337
}