{
  "mean": -0.0035514235496520996,
  "std": 0.10354901105165482,
  "min": -0.522886335849762,
  "max": 0.4826086163520813,
  "norm": 3.515111207962036
}