{
  "mean": -0.00661690765991807,
  "std": 0.10484811663627625,
  "min": -0.35030117630958557,
  "max": 0.2952558100223541,
  "norm": 2.9095284938812256
}