{
  "mean": 3.6388843227541656e-07,
  "std": 0.04609348252415657,
  "min": -0.7715684175491333,
  "max": 0.7161734700202942,
  "norm": 35.39826202392578
}