{
  "mean": -3.3631092355435044e-10,
  "std": 0.10182566940784454,
  "min": -1.6715737581253052,
  "max": 1.6493231058120728,
  "norm": 156.32826232910156
}