{
  "mean": 0.020526492968201637,
  "std": 0.13423629105091095,
  "min": -0.4079592823982239,
  "max": 0.29285988211631775,
  "norm": 1.323740839958191
}