{
  "mean": 8.768461651209591e-12,
  "std": 0.000905916967894882,
  "min": -0.008036862127482891,
  "max": 0.007819090969860554,
  "norm": 0.040786389261484146
}