{
  "mean": -4.0355531382374465e-05,
  "std": 0.10256855934858322,
  "min": -0.8219783306121826,
  "max": 0.7892758846282959,
  "norm": 9.846048355102539
}