{
  "mean": -0.011666660197079182,
  "std": 0.08885041624307632,
  "min": -0.4787271022796631,
  "max": 0.46243566274642944,
  "norm": 1.238532543182373
}