{
  "mean": -0.0010346752824261785,
  "std": 0.147891566157341,
  "min": -0.7062064409255981,
  "max": 0.7604855298995972,
  "norm": 4.095922946929932
}