{
  "mean": -0.001262720674276352,
  "std": 0.07661672681570053,
  "min": -0.36773625016212463,
  "max": 0.37818098068237305,
  "norm": 4.246415138244629
}