{
  "mean": 5.2819159463979304e-05,
  "std": 0.06657038629055023,
  "min": -0.7586339712142944,
  "max": 0.9415872097015381,
  "norm": 11.06892204284668
}