{
  "mean": 0.00350941508077085,
  "std": 0.20979827642440796,
  "min": -0.747137725353241,
  "max": 0.7484367489814758,
  "norm": 5.81112813949585
}