{
  "mean": -4.7867579269222915e-05,
  "std": 0.09435471147298813,
  "min": -1.3901346921920776,
  "max": 1.4299746751785278,
  "norm": 36.23179244995117
}