{
  "mean": 1.0377137186878826e-05,
  "std": 0.041858941316604614,
  "min": -1.0098475217819214,
  "max": 0.9659437537193298,
  "norm": 27.84060287475586
}