{
  "mean": 0.001060824142768979,
  "std": 0.10234633088111877,
  "min": -0.5081945657730103,
  "max": 0.7226771116256714,
  "norm": 3.472428560256958
}