{
  "mean": -7.34771271604373e-12,
  "std": 0.0004355042183306068,
  "min": -0.006769557949155569,
  "max": 0.0016202592523768544,
  "norm": 0.013861079700291157
}