{
  "mean": -0.0005915434448979795,
  "std": 0.07074438780546188,
  "min": -0.18393725156784058,
  "max": 0.1621721088886261,
  "norm": 0.6895554065704346
}