{
  "mean": -6.4675179274609196e-12,
  "std": 0.04336624965071678,
  "min": -0.7477813363075256,
  "max": 0.6397166848182678,
  "norm": 33.30415344238281
}