{
  "mean": -0.0015771238831803203,
  "std": 0.053328629583120346,
  "min": -0.2407025694847107,
  "max": 0.20149797201156616,
  "norm": 0.9038406610488892
}