{
  "mean": -6.208817349140361e-10,
  "std": 0.081929050385952,
  "min": -0.25202062726020813,
  "max": 0.24389871954917908,
  "norm": 2.269005537033081
}