{
  "mean": 0.0017962642014026642,
  "std": 0.11285477876663208,
  "min": -0.31041887402534485,
  "max": 0.34004250168800354,
  "norm": 3.1258833408355713
}