{
  "mean": 8.149072527885437e-10,
  "std": 0.10184838622808456,
  "min": -0.27332472801208496,
  "max": 0.23767457902431488,
  "norm": 1.993212103843689
}