{
  "mean": -0.00145843590144068,
  "std": 0.4953906834125519,
  "min": -2.1425318717956543,
  "max": 3.118245840072632,
  "norm": 19.409034729003906
}