{
  "mean": 0.01322041917592287,
  "std": 0.08077191561460495,
  "min": -0.3815547823905945,
  "max": 0.33841121196746826,
  "norm": 1.131221055984497
}