{
  "mean": -5.284671715344302e-06,
  "std": 0.04721749946475029,
  "min": -0.5050960779190063,
  "max": 0.46015751361846924,
  "norm": 18.13135528564453
}