{
  "mean": 0.002873537829145789,
  "std": 0.1080414280295372,
  "min": -0.3596389889717102,
  "max": 0.2905075252056122,
  "norm": 2.993241548538208
}