{
  "mean": 0.00131558149587363,
  "std": 0.15120334923267365,
  "min": -0.795400857925415,
  "max": 0.7815436720848083,
  "norm": 5.129978179931641
}