{
  "mean": -0.00010098897473653778,
  "std": 0.13083995878696442,
  "min": -0.5728700160980225,
  "max": 0.3558458983898163,
  "norm": 2.56058931350708
}