{
  "mean": -1.2417634698280722e-09,
  "std": 0.18988843262195587,
  "min": -0.5646296143531799,
  "max": 0.5983319878578186,
  "norm": 3.7161903381347656
}