{
  "mean": -3.042061734959134e-06,
  "std": 0.03826918080449104,
  "min": -0.47568079829216003,
  "max": 0.40378808975219727,
  "norm": 29.389545440673828
}