{
  "mean": -0.0006024963222444057,
  "std": 0.07070432603359222,
  "min": -0.19116750359535217,
  "max": 0.20106472074985504,
  "norm": 0.6891658306121826
}