{
  "mean": -0.0005915382062084973,
  "std": 0.17052757740020752,
  "min": -0.46507465839385986,
  "max": 0.4841962456703186,
  "norm": 1.6621073484420776
}