{
  "mean": -9.293526090914384e-06,
  "std": 0.09245462715625763,
  "min": -0.8892593383789062,
  "max": 0.8429736495018005,
  "norm": 25.103904724121094
}