{
  "mean": -0.0006024980102665722,
  "std": 0.0532984584569931,
  "min": -0.11147583276033401,
  "max": 0.18369783461093903,
  "norm": 0.5195226669311523
}