{
  "mean": 2.2387562723796828e-12,
  "std": 0.0008723706705495715,
  "min": -0.01018666010349989,
  "max": 0.012138866819441319,
  "norm": 0.03927605226635933
}