{
  "mean": -1.7599752766273014e-07,
  "std": 0.07890717685222626,
  "min": -1.4054735898971558,
  "max": 1.2671302556991577,
  "norm": 60.597572326660156
}