{
  "mean": -0.0016918532783165574,
  "std": 0.11607828736305237,
  "min": -0.896533191204071,
  "max": 0.5307934284210205,
  "norm": 4.548323631286621
}