{
  "mean": 0.0,
  "std": 0.08809343725442886,
  "min": -0.23351570963859558,
  "max": 0.2112365961074829,
  "norm": 1.2174755334854126
}