{
  "mean": -0.0021156929433345795,
  "std": 0.06643123924732208,
  "min": -0.31785982847213745,
  "max": 0.31480860710144043,
  "norm": 1.3007458448410034
}