{
  "mean": -1.607312156634566e-12,
  "std": 0.0013131806626915932,
  "min": -0.01251086313277483,
  "max": 0.03393852710723877,
  "norm": 0.05912230163812637
}