{
  "mean": -0.001637703157030046,
  "std": 0.08859941363334656,
  "min": -0.23338943719863892,
  "max": 0.2837255597114563,
  "norm": 1.7342215776443481
}