{
  "mean": 1.171041735803513e-11,
  "std": 0.001255265437066555,
  "min": -0.026673275977373123,
  "max": 0.011194132268428802,
  "norm": 0.05651482567191124
}