{
  "mean": 2.4835269396561444e-09,
  "std": 0.33509841561317444,
  "min": -1.0744750499725342,
  "max": 1.4059607982635498,
  "norm": 9.280471801757812
}