{
  "mean": 2.7709570531442296e-06,
  "std": 0.07417861372232437,
  "min": -1.0084549188613892,
  "max": 1.029375433921814,
  "norm": 56.96657943725586
}