{
  "mean": -0.0010137876961380243,
  "std": 0.09000258892774582,
  "min": -0.5798935890197754,
  "max": 0.49344372749328613,
  "norm": 3.526442050933838
}