{
  "mean": -0.005434222985059023,
  "std": 0.15304213762283325,
  "min": -0.6955874562263489,
  "max": 0.6662611365318298,
  "norm": 2.9969863891601562
}