{
  "mean": 0.00033080263528972864,
  "std": 0.14851193130016327,
  "min": -2.2628777027130127,
  "max": 3.213348627090454,
  "norm": 28.513919830322266
}