{
  "mean": -0.0023234793916344643,
  "std": 0.07005754113197327,
  "min": -0.3809024691581726,
  "max": 0.39622578024864197,
  "norm": 2.3781073093414307
}