{
  "mean": -3.385926675036899e-06,
  "std": 0.04193492606282234,
  "min": -0.7024784684181213,
  "max": 1.0336871147155762,
  "norm": 16.10280418395996
}