{
  "mean": -1.2935036375338882e-10,
  "std": 0.11128069460391998,
  "min": -2.0798280239105225,
  "max": 1.72773015499115,
  "norm": 170.86082458496094
}