{
  "mean": -0.0012350914767012,
  "std": 0.27172043919563293,
  "min": -2.005418062210083,
  "max": 1.295959234237671,
  "norm": 13.039884567260742
}