{
  "mean": -0.002607670845463872,
  "std": 0.07196204364299774,
  "min": -0.1964840590953827,
  "max": 0.18730536103248596,
  "norm": 1.4092516899108887
}