{
  "mean": -3.5088757499579515e-07,
  "std": 0.05277300998568535,
  "min": -0.9206695556640625,
  "max": 0.9011055827140808,
  "norm": 35.09950256347656
}