{
  "mean": 3.127270611003041e-05,
  "std": 0.0730152279138565,
  "min": -0.4919109642505646,
  "max": 0.45856228470802307,
  "norm": 7.0090813636779785
}