{
  "mean": -5.202070497034583e-06,
  "std": 0.027184493839740753,
  "min": -0.3868326246738434,
  "max": 0.430664986371994,
  "norm": 20.87679672241211
}