{
  "mean": -8.64208341226913e-05,
  "std": 0.17144875228405,
  "min": -0.46189913153648376,
  "max": 0.5257826447486877,
  "norm": 3.355318546295166
}