{
  "mean": 0.00790956150740385,
  "std": 0.13159506022930145,
  "min": -0.3752419352531433,
  "max": 0.357401579618454,
  "norm": 2.5800259113311768
}