{
  "mean": 3.7188228191320505e-11,
  "std": 0.048414696007966995,
  "min": -0.7365734577178955,
  "max": 0.7240000367164612,
  "norm": 37.18132781982422
}