{
  "mean": -0.002996160415932536,
  "std": 0.16347159445285797,
  "min": -0.7677873969078064,
  "max": 0.8851922154426575,
  "norm": 3.1997406482696533
}