{
  "mean": -1.2124008890168625e-06,
  "std": 0.05270562693476677,
  "min": -0.6195475459098816,
  "max": 0.7543644309043884,
  "norm": 10.119330406188965
}