{
  "mean": 0.0011866926215589046,
  "std": 0.1538461148738861,
  "min": -0.5217772126197815,
  "max": 0.4317169785499573,
  "norm": 4.260858535766602
}