{
  "mean": 4.7748093493282795e-05,
  "std": 0.09901915490627289,
  "min": -0.290008544921875,
  "max": 0.25166603922843933,
  "norm": 1.9378432035446167
}