{
  "mean": 0.0,
  "std": 0.08448371291160583,
  "min": -0.2947281002998352,
  "max": 0.329314649105072,
  "norm": 2.339756488800049
}