{
  "mean": 0.007440025452524424,
  "std": 0.09650921821594238,
  "min": -0.32626116275787354,
  "max": 0.23586954176425934,
  "norm": 1.3377621173858643
}