{
  "mean": -0.00010122314415639266,
  "std": 0.22296392917633057,
  "min": -6.073320388793945,
  "max": 7.696112632751465,
  "norm": 69.9063949584961
}