{
  "mean": 0.009429654106497765,
  "std": 0.09572140872478485,
  "min": -0.4264621436595917,
  "max": 0.3273392617702484,
  "norm": 1.083988070487976
}