{
  "mean": 5.2068367949686944e-05,
  "std": 0.01723198965191841,
  "min": -0.18412326276302338,
  "max": 0.12761634588241577,
  "norm": 3.1192877292633057,
  "quantile_25": -0.002930327784270048,
  "quantile_50": 0.0,
  "quantile_75": 0.0034413053654134274,
  "timestamp": "2025-05-01T20:01:18.332894",
  "epoch": 4,
  "batch": null
}