{
  "mean": -0.002308559138327837,
  "std": 0.013767694123089314,
  "min": -0.05205709859728813,
  "max": 0.03323182091116905,
  "norm": 0.15733702480793,
  "quantile_25": -0.008340462110936642,
  "quantile_50": -0.0002161183801945299,
  "quantile_75": 0.0034704417921602726,
  "timestamp": "2025-05-01T20:01:18.343891",
  "epoch": 4,
  "batch": null
}