{
  "mean": 1.5916157281026244e-12,
  "std": 0.01199310552328825,
  "min": -0.3409580588340759,
  "max": 0.18504337966442108,
  "norm": 3.070204019546509,
  "quantile_25": -0.0017107623862102628,
  "quantile_50": 0.0,
  "quantile_75": 0.0017928211018443108,
  "timestamp": "2025-05-01T20:01:18.313273",
  "epoch": 4,
  "batch": null
}