{
  "mean": 7.178080352332472e-11,
  "std": 1.542450389635519e-09,
  "min": -6.51925802230835e-09,
  "max": 1.6763806343078613e-08,
  "norm": 2.465771942183892e-08,
  "quantile_25": -2.828528522513807e-10,
  "quantile_50": 0.0,
  "quantile_75": 2.3283064365386963e-10,
  "timestamp": "2025-05-01T20:01:18.328660",
  "epoch": 4,
  "batch": null
}