{
  "mean": -9.459505963604897e-05,
  "std": 0.011065607890486717,
  "min": -0.16354820132255554,
  "max": 0.10519135743379593,
  "norm": 4.006282329559326,
  "quantile_25": -0.0019856244325637817,
  "quantile_50": 0.0,
  "quantile_75": 0.0020494291093200445,
  "timestamp": "2025-05-01T20:01:18.327621",
  "epoch": 4,
  "batch": null
}