{
  "mean": 0.00010877579916268587,
  "std": 0.004196520429104567,
  "min": -0.012342870235443115,
  "max": 0.015293502248823643,
  "norm": 0.09489556401968002,
  "quantile_25": -0.002191671170294285,
  "quantile_50": 0.0,
  "quantile_75": 0.002492789877578616,
  "timestamp": "2025-05-01T20:01:18.317649",
  "epoch": 4,
  "batch": null
}