{
  "mean": 2.4779112095529854e-10,
  "std": 2.2113104680698825e-09,
  "min": -5.3551048040390015e-09,
  "max": 1.30385160446167e-08,
  "norm": 2.5077397936001944e-08,
  "quantile_25": -4.656612873077393e-10,
  "quantile_50": 0.0,
  "quantile_75": 4.656612873077393e-10,
  "timestamp": "2025-05-01T20:01:18.343264",
  "epoch": 4,
  "batch": null
}