{
  "mean": -0.00022868465748615563,
  "std": 0.005961719434708357,
  "min": -0.014543656259775162,
  "max": 0.015658529475331306,
  "norm": 0.09527131170034409,
  "quantile_25": -0.004179058596491814,
  "quantile_50": 0.0,
  "quantile_75": 0.003628159174695611,
  "timestamp": "2025-05-01T20:01:18.329817",
  "epoch": 4,
  "batch": null
}