{
  "mean": -0.0022866097278892994,
  "std": 0.014932986348867416,
  "min": -0.06754457950592041,
  "max": 0.03613956272602081,
  "norm": 0.17026305198669434,
  "quantile_25": -0.008438309654593468,
  "quantile_50": 0.0,
  "quantile_75": 0.0055820876732468605,
  "timestamp": "2025-05-01T20:01:18.344414",
  "epoch": 4,
  "batch": null
}