{
  "mean": -3.660333702804053e-10,
  "std": 8.387178063173906e-09,
  "min": -1.5599653124809265e-07,
  "max": 2.9802322387695312e-08,
  "norm": 1.8977557658672595e-07,
  "quantile_25": -8.36735125631094e-10,
  "quantile_50": 0.0,
  "quantile_75": 4.656612873077393e-10,
  "timestamp": "2025-05-01T20:01:18.315417",
  "epoch": 4,
  "batch": null
}