{
  "mean": 1.6691628843545914e-06,
  "std": 0.0065491413697600365,
  "min": -0.018883615732192993,
  "max": 0.01800627075135708,
  "norm": 0.10458140075206757,
  "quantile_25": -0.0036840206012129784,
  "quantile_50": 0.0,
  "quantile_75": 0.003412011079490185,
  "timestamp": "2025-05-01T20:01:18.329199",
  "epoch": 4,
  "batch": null
}