{
  "mean": -1.1510273907333612e-06,
  "std": 0.004382120445370674,
  "min": -0.016585806384682655,
  "max": 0.01719004660844803,
  "norm": 0.09905920177698135,
  "quantile_25": -0.00232330453582108,
  "quantile_50": 0.0,
  "quantile_75": 0.002560968976467848,
  "timestamp": "2025-05-01T20:01:18.316440",
  "epoch": 4,
  "batch": null
}