{
  "mean": 1.862645149230957e-09,
  "std": 0.1989010125398636,
  "min": -0.2966523766517639,
  "max": 0.12419309467077255,
  "norm": 0.3445066511631012,
  "quantile_25": -0.0199260413646698,
  "quantile_50": 0.08622964471578598,
  "quantile_75": 0.10615568608045578,
  "timestamp": "2025-05-01T20:01:18.353217",
  "epoch": 4,
  "batch": null
}