{
  "mean": 3.3178366720676422e-09,
  "std": 0.13113147020339966,
  "min": -0.4106381833553314,
  "max": 0.2760799527168274,
  "norm": 2.9642674922943115,
  "quantile_25": 0.0,
  "quantile_50": 0.02591879665851593,
  "quantile_75": 0.06263209879398346,
  "timestamp": "2025-05-01T20:01:18.344913",
  "epoch": 4,
  "batch": null
}