{
  "mean": -0.001503839623183012,
  "std": 0.07726442813873291,
  "min": -0.38702842593193054,
  "max": 0.26509416103363037,
  "norm": 1.7469178438186646
}