{
  "mean": -6.995950485588764e-10,
  "std": 3.8218384901256286e-08,
  "min": -2.1606683731079102e-07,
  "max": 2.1606683731079102e-07,
  "norm": 8.640834607831493e-07
}