{
  "mean": 2.758757909759879e-05,
  "std": 0.08360376954078674,
  "min": -0.3535047471523285,
  "max": 0.42494693398475647,
  "norm": 1.889889121055603
}