{
  "mean": 0.011121636256575584,
  "std": 0.12462782859802246,
  "min": -0.483267605304718,
  "max": 0.34672966599464417,
  "norm": 1.9980864524841309
}