{
  "mean": -0.05226817727088928,
  "std": 0.3011348247528076,
  "min": -0.8423654437065125,
  "max": 0.9634072184562683,
  "norm": 3.444753885269165
}