{
  "mean": 5.3247378673404455e-05,
  "std": 0.03526569530367851,
  "min": -0.538859486579895,
  "max": 0.2889997363090515,
  "norm": 25.53415870666504
}