{
  "mean": -0.015466340817511082,
  "std": 0.3338485658168793,
  "min": -4.0662431716918945,
  "max": 3.043855905532837,
  "norm": 60.49684143066406
}