{
  "mean": 6.712810136377811e-05,
  "std": 0.13108153641223907,
  "min": -0.5318911671638489,
  "max": 0.47465527057647705,
  "norm": 2.0932047367095947
}