{
  "mean": -1.184616849059239e-10,
  "std": 2.4551141564188583e-08,
  "min": -8.568167686462402e-08,
  "max": 1.3969838619232178e-07,
  "norm": 3.920548579117167e-07
}