{
  "mean": -0.11053314805030823,
  "std": 0.31962287425994873,
  "min": -1.15984046459198,
  "max": 0.6294897794723511,
  "norm": 3.8128750324249268
}