{
  "mean": 0.003158118575811386,
  "std": 0.21404874324798584,
  "min": -2.397196054458618,
  "max": 2.8432509899139404,
  "norm": 77.5013656616211
}