{
  "mean": -8.394920314458432e-10,
  "std": 4.6439694756372774e-08,
  "min": -1.564621925354004e-07,
  "max": 1.7881393432617188e-07,
  "norm": 5.234349487182044e-07
}