{
  "mean": -4.408992290496826,
  "std": 3.751988649368286,
  "min": -12.769511222839355,
  "max": 0.10564377158880234,
  "norm": 65.39151763916016
}