{
  "mean": -9.12828540802002,
  "std": NaN,
  "min": -9.12828540802002,
  "max": -9.12828540802002,
  "norm": 9.12828540802002
}