{
  "mean": -5.817288875579834,
  "std": 6.0660014152526855,
  "min": -18.784378051757812,
  "max": 0.03246242180466652,
  "norm": 94.89346313476562
}