{
  "mean": 1.7450816833242122e-11,
  "std": 0.0015832530334591866,
  "min": -0.024781130254268646,
  "max": 0.013362433761358261,
  "norm": 0.05039123818278313
}