{
  "mean": 0.009560026228427887,
  "std": 0.1802823692560196,
  "min": -0.6929348111152649,
  "max": 1.0979413986206055,
  "norm": 3.533165693283081
}