{
  "mean": -4.643026477424428e-05,
  "std": 0.07069152593612671,
  "min": -1.3428040742874146,
  "max": 1.149472713470459,
  "norm": 47.01719284057617
}