{
  "mean": -0.02499937266111374,
  "std": 0.2931928038597107,
  "min": -0.8267369270324707,
  "max": 0.9454737901687622,
  "norm": 5.758770942687988
}