{
  "mean": 0.02208123542368412,
  "std": 0.4806060194969177,
  "min": -1.4966447353363037,
  "max": 1.4448442459106445,
  "norm": 13.32433032989502
}