{
  "mean": -6.393917715286079e-07,
  "std": 0.13289976119995117,
  "min": -1.1378120183944702,
  "max": 1.1930367946624756,
  "norm": 72.17095184326172
}