{
  "mean": -1.0224096513411496e-05,
  "std": 0.07033494859933853,
  "min": -0.619228720664978,
  "max": 0.6235723495483398,
  "norm": 27.008447647094727
}