{
  "mean": -0.018106793984770775,
  "std": 0.2605060636997223,
  "min": -1.1354986429214478,
  "max": 1.0892887115478516,
  "norm": 5.110536098480225
}