{
  "mean": 1.226122367370408e-05,
  "std": 0.06843921542167664,
  "min": -0.6296551823616028,
  "max": 0.7222433090209961,
  "norm": 26.280370712280273
}