{
  "mean": -0.0014388725394383073,
  "std": 0.19546069204807281,
  "min": -0.8781991004943848,
  "max": 0.8092617988586426,
  "norm": 7.658177375793457
}