{
  "mean": 0.004645707551389933,
  "std": 0.18245559930801392,
  "min": -0.5995467305183411,
  "max": 0.5139011144638062,
  "norm": 5.0547051429748535
}