{
  "mean": 0.022886043414473534,
  "std": 0.22294192016124725,
  "min": -0.8430489897727966,
  "max": 0.8624252080917358,
  "norm": 6.206813812255859
}