{
  "mean": 2.617622611722492e-11,
  "std": 0.0006712533067911863,
  "min": -0.004258959554135799,
  "max": 0.006518787704408169,
  "norm": 0.021364418789744377
}