{
  "mean": 0.0010647674789652228,
  "std": 0.252577006816864,
  "min": -0.6266909241676331,
  "max": 0.6686434745788574,
  "norm": 2.461838483810425
}