{
  "mean": -0.0039248159155249596,
  "std": 0.10481419414281845,
  "min": -0.5177826285362244,
  "max": 0.6659491658210754,
  "norm": 3.5584616661071777
}