{
  "mean": 0.01233914028853178,
  "std": 0.1748328059911728,
  "min": -0.452661395072937,
  "max": 0.5118857622146606,
  "norm": 2.422279119491577
}