{
  "mean": -1.2417634698280722e-09,
  "std": 0.10128118097782135,
  "min": -0.3457668721675873,
  "max": 0.3013851046562195,
  "norm": 1.3997337818145752
}