{
  "mean": 0.00027850345941260457,
  "std": 0.2839738428592682,
  "min": -4.015227794647217,
  "max": 3.4104201793670654,
  "norm": 54.522090911865234
}