{
  "mean": -0.026106201112270355,
  "std": 0.12411432713270187,
  "min": -0.4470139741897583,
  "max": 0.5451569557189941,
  "norm": 1.2364635467529297
}