{
  "mean": 3.87148538720794e-05,
  "std": 0.1119876280426979,
  "min": -1.8886288404464722,
  "max": 1.6318354606628418,
  "norm": 86.00132751464844
}