{
  "mean": 0.0,
  "std": 0.066671222448349,
  "min": -1.184264063835144,
  "max": 1.3699486255645752,
  "norm": 51.201515197753906
}