{
  "mean": 0.0010844807839021087,
  "std": 0.12382345646619797,
  "min": -0.3311246335506439,
  "max": 0.42418989539146423,
  "norm": 1.2069284915924072
}