{
  "mean": 3.1044086745701804e-10,
  "std": 0.08265803754329681,
  "min": -0.2960202693939209,
  "max": 0.2616674304008484,
  "norm": 2.2891950607299805
}