{
  "mean": 0.0033220972400158644,
  "std": 0.22845643758773804,
  "min": -0.6208251714706421,
  "max": 0.6836916208267212,
  "norm": 6.327716827392578
}