{
  "mean": -0.004993760026991367,
  "std": 0.11324913799762726,
  "min": -0.34553512930870056,
  "max": 0.3756052851676941,
  "norm": 3.1394600868225098
}