{
  "mean": 1.2417634698280722e-09,
  "std": 0.1653367131948471,
  "min": -0.5741585493087769,
  "max": 0.5939971804618835,
  "norm": 1.6115031242370605
}