{
  "mean": -0.00037761786370538175,
  "std": 0.09135723114013672,
  "min": -0.43172621726989746,
  "max": 0.37601229548454285,
  "norm": 1.7879114151000977
}