{
  "mean": 8.810311555862427e-06,
  "std": 0.06877903640270233,
  "min": -0.6812913417816162,
  "max": 0.7984024882316589,
  "norm": 26.41094398498535
}