{
  "mean": -0.012145273387432098,
  "std": 0.1330021470785141,
  "min": -0.5308499932289124,
  "max": 0.5062160491943359,
  "norm": 2.6137614250183105
}