{
  "mean": 0.0064447359181940556,
  "std": 0.24161390960216522,
  "min": -1.2530055046081543,
  "max": 1.5116790533065796,
  "norm": 11.599077224731445
}