{
  "mean": 5.998718449057305e-12,
  "std": 0.0016606379067525268,
  "min": -0.01681174524128437,
  "max": 0.017258543521165848,
  "norm": 0.07476560026407242
}