{
  "mean": -0.0024113005492836237,
  "std": 0.1521957516670227,
  "min": -0.4914662837982178,
  "max": 0.4513653516769409,
  "norm": 2.9789047241210938
}