{
  "mean": 0.0,
  "std": 0.22204694151878357,
  "min": -0.5218734741210938,
  "max": 0.6936608552932739,
  "norm": 4.345544338226318
}