{
  "mean": 9.089070954360068e-05,
  "std": 0.12675467133522034,
  "min": -1.0477925539016724,
  "max": 0.9645925164222717,
  "norm": 12.167792320251465
}