{
  "mean": -6.681357626803219e-05,
  "std": 0.06429504603147507,
  "min": -3.433012008666992,
  "max": 2.608696222305298,
  "norm": 85.52220916748047
}