{
  "mean": -6.208817349140361e-10,
  "std": 0.10441324859857559,
  "min": -0.3167720139026642,
  "max": 0.3040170669555664,
  "norm": 2.043407440185547
}