{
  "mean": 0.0038992969784885645,
  "std": 0.10538216680288315,
  "min": -0.41087672114372253,
  "max": 0.4381256103515625,
  "norm": 2.52870774269104
}