{
  "mean": -0.0038550645112991333,
  "std": 0.1443818211555481,
  "min": -0.6734166145324707,
  "max": 0.5457268357276917,
  "norm": 3.463390350341797
}