{
  "mean": -0.013713919557631016,
  "std": 0.28568390011787415,
  "min": -0.9334731101989746,
  "max": 0.6288622617721558,
  "norm": 5.5973992347717285
}