{
  "mean": 0.0010844810167327523,
  "std": 0.09837508946657181,
  "min": -0.25447073578834534,
  "max": 0.3454133868217468,
  "norm": 0.9589006304740906
}