{
  "mean": 8.959428669186309e-06,
  "std": 0.1216178610920906,
  "min": -1.6403390169143677,
  "max": 1.496259093284607,
  "norm": 93.39755249023438
}