{
  "mean": 3.918493166565895e-05,
  "std": 0.09222783893346786,
  "min": -1.1531240940093994,
  "max": 1.3215736150741577,
  "norm": 70.82637786865234
}