{
  "mean": -1.2066243471053895e-05,
  "std": 0.060529548674821854,
  "min": -1.3874717950820923,
  "max": 1.3835878372192383,
  "norm": 40.25843811035156
}