{
  "mean": 0.0012309494195505977,
  "std": 0.12321782857179642,
  "min": -0.5806719064712524,
  "max": 0.6178515553474426,
  "norm": 4.180544853210449
}