{
  "mean": -0.0054814815521240234,
  "std": 0.09547289460897446,
  "min": -0.43907320499420166,
  "max": 0.3866419792175293,
  "norm": 1.8715264797210693
}