{
  "mean": 1.263523427041946e-05,
  "std": 0.15494404733181,
  "min": -1.9146699905395508,
  "max": 1.8558374643325806,
  "norm": 118.99036407470703
}