{
  "mean": -0.014174513518810272,
  "std": 0.20222608745098114,
  "min": -0.812195897102356,
  "max": 0.6484371423721313,
  "norm": 3.9673779010772705
}