{
  "mean": -4.1392114735749885e-10,
  "std": 0.07750124484300613,
  "min": -1.2430328130722046,
  "max": 1.3725230693817139,
  "norm": 118.9882583618164
}