{
  "mean": -0.0070962426252663136,
  "std": 0.17377237975597382,
  "min": -0.9102177619934082,
  "max": 0.7299837470054626,
  "norm": 3.4036343097686768
}