{
  "mean": 0.0,
  "std": 0.147185817360878,
  "min": -0.5212698578834534,
  "max": 0.39463067054748535,
  "norm": 2.8804831504821777
}