{
  "mean": 0.0005049098981544375,
  "std": 0.10392842441797256,
  "min": -0.4544937014579773,
  "max": 0.4896848797798157,
  "norm": 1.760680079460144
}