{
  "mean": 0.0021882213186472654,
  "std": 0.7133093476295471,
  "min": -2.513363838195801,
  "max": 3.1784939765930176,
  "norm": 27.94693374633789
}