{
  "mean": -6.208817349140361e-10,
  "std": 0.11308493465185165,
  "min": -0.3457549214363098,
  "max": 0.32953935861587524,
  "norm": 2.213115930557251
}