{
  "mean": -4.0421985203487054e-11,
  "std": 0.1695072054862976,
  "min": -4.434708595275879,
  "max": 3.3993570804595947,
  "norm": 184.08963012695312
}