{
  "mean": -1.862645149230957e-09,
  "std": 0.13591207563877106,
  "min": -0.37593579292297363,
  "max": 0.43062523007392883,
  "norm": 1.8783423900604248
}