{
  "mean": 0.004094157367944717,
  "std": 0.2894762456417084,
  "min": -1.6320574283599854,
  "max": 1.90378999710083,
  "norm": 5.6657304763793945
}