{
  "mean": 6.222306546987966e-05,
  "std": 0.15976665914058685,
  "min": -2.6203715801239014,
  "max": 2.5290865898132324,
  "norm": 61.34950637817383
}