{
  "mean": -0.0017757933819666505,
  "std": 0.149267315864563,
  "min": -0.7406228184700012,
  "max": 0.6562097072601318,
  "norm": 5.848569869995117
}