{
  "mean": -4.363673269835999e-06,
  "std": 0.0653647631406784,
  "min": -0.6042264699935913,
  "max": 0.6618884801864624,
  "norm": 25.099889755249023
}