{
  "mean": 3.4997549391846405e-06,
  "std": 0.06350918859243393,
  "min": -0.8991377949714661,
  "max": 0.9441286325454712,
  "norm": 48.7729377746582
}