{
  "mean": 0.013117180205881596,
  "std": 0.14036579430103302,
  "min": -0.3934284746646881,
  "max": 0.3758658766746521,
  "norm": 1.948390007019043
}