{
  "mean": -6.208817349140361e-10,
  "std": 0.06367765367031097,
  "min": -0.20624832808971405,
  "max": 0.20974372327327728,
  "norm": 1.7635377645492554
}