{
  "mean": 0.0005235571879893541,
  "std": 0.1295296847820282,
  "min": -1.3867212533950806,
  "max": 1.464017391204834,
  "norm": 24.86952781677246
}