{
  "mean": 6.208817349140361e-10,
  "std": 0.12399459630250931,
  "min": -0.37982532382011414,
  "max": 0.47852981090545654,
  "norm": 1.713639259338379
}