{
  "mean": -1.5066729019963532e-07,
  "std": 7.080187797546387,
  "min": -27.310117721557617,
  "max": 22.835193634033203,
  "norm": 480.5668640136719
}