{
  "mean": -2.185917225006051e-07,
  "std": 0.07286740839481354,
  "min": -1.2592746019363403,
  "max": 1.2142837047576904,
  "norm": 48.46446990966797
}