{
  "mean": 0.004060429986566305,
  "std": 0.11002158373594284,
  "min": -0.5523577332496643,
  "max": 0.571998119354248,
  "norm": 4.313480854034424
}