{
  "mean": -0.006512441206723452,
  "std": 0.27225571870803833,
  "min": -0.7975596189498901,
  "max": 0.785835862159729,
  "norm": 5.329677581787109
}