{
  "mean": -6.047660281183198e-05,
  "std": 0.09434431791305542,
  "min": -1.093308925628662,
  "max": 1.068597435951233,
  "norm": 31.374393463134766
}