{
  "mean": 1.199743689811461e-11,
  "std": 0.0013028938556089997,
  "min": -0.024324193596839905,
  "max": 0.012187608517706394,
  "norm": 0.05865916237235069
}