{
  "mean": -0.0004624372813850641,
  "std": 0.061553798615932465,
  "min": -0.42389774322509766,
  "max": 0.33195924758911133,
  "norm": 3.411198616027832
}