{
  "mean": -1.847005114541389e-05,
  "std": 0.0872245654463768,
  "min": -1.6536483764648438,
  "max": 1.5901172161102295,
  "norm": 58.0133056640625
}