{
  "mean": 2.5602185302342484e-11,
  "std": 0.0027137743309140205,
  "min": -0.020363496616482735,
  "max": 0.03572937846183777,
  "norm": 0.17281010746955872
}