{
  "mean": 0.0019258850952610373,
  "std": 0.11309491842985153,
  "min": -0.3711083233356476,
  "max": 0.7694200277328491,
  "norm": 2.2136330604553223
}