{
  "mean": 0.006404177751392126,
  "std": 0.12808308005332947,
  "min": -0.6581219434738159,
  "max": 0.6759239435195923,
  "norm": 3.5516679286956787
}