{
  "mean": -0.016021491959691048,
  "std": 0.14523743093013763,
  "min": -0.6919748187065125,
  "max": 0.6159394383430481,
  "norm": 2.8596391677856445
}