{
  "mean": 0.029723605141043663,
  "std": 0.20508015155792236,
  "min": -0.44833457469940186,
  "max": 0.7739603519439697,
  "norm": 2.8640329837799072
}