{
  "mean": -0.00233256327919662,
  "std": 0.13910801708698273,
  "min": -0.48472341895103455,
  "max": 0.566499650478363,
  "norm": 2.722781181335449
}