{
  "mean": 3.306470722219679e-11,
  "std": 0.003054736414924264,
  "min": -0.02500997856259346,
  "max": 0.02903381735086441,
  "norm": 0.19452215731143951
}