{
  "mean": -0.0025340013671666384,
  "std": 0.16270756721496582,
  "min": -0.44183629751205444,
  "max": 0.5534119606018066,
  "norm": 3.1846370697021484
}