{
  "mean": 0.011002982035279274,
  "std": 0.24530328810214996,
  "min": -1.1893043518066406,
  "max": 1.4037286043167114,
  "norm": 8.3306303024292
}