{
  "mean": -2.4835269396561444e-09,
  "std": 0.4922124445438385,
  "min": -1.7954652309417725,
  "max": 1.4371572732925415,
  "norm": 13.631708145141602
}