{
  "mean": -1.396983917434369e-10,
  "std": 0.26222994923591614,
  "min": -4.650959014892578,
  "max": 3.8932528495788574,
  "norm": 22.97918701171875
}