{
  "mean": -7.395579149083176e-10,
  "std": 0.07466841489076614,
  "min": -0.09090910106897354,
  "max": 0.18343070149421692,
  "norm": 0.22400523722171783
}