{
  "mean": 3.7252903539730653e-10,
  "std": 0.5897995829582214,
  "min": -3.734609365463257,
  "max": 6.015580654144287,
  "norm": 21.093067169189453
}