{
    "train_loss": [
        41.310916900634766,
        40.78350067138672,
        62.89981460571289,
        67.4945068359375,
        62.257389068603516,
        67.58588409423828,
        46.03116226196289,
        44.70809555053711,
        34.807003021240234,
        32.71376037597656,
        67.6192398071289,
        35.75230026245117
    ],
    "val_loss": [
        59.12556838989258,
        82.76075744628906,
        65.81310272216797,
        70.4557113647461,
        76.75676727294922,
        48.41275405883789,
        84.20599365234375,
        81.3128662109375,
        82.78031921386719,
        91.8441162109375,
        62.60091781616211,
        58.63797378540039
    ],
    "best_val_loss": 48.41275405883789,
    "training_time": 87.22824120521545
}