{
  "mean": 0.0007671231287531555,
  "std": 0.10347453504800797,
  "min": -0.5012589693069458,
  "max": 0.7342904806137085,
  "norm": 2.865781784057617,
  "quantile_25": -0.042858634144067764,
  "quantile_50": 0.0002414938062429428,
  "quantile_75": 0.04095533490180969,
  "timestamp": "2025-04-27T21:03:18.834652",
  "epoch": 5,
  "batch": null
}