{
  "mean": -2.755392268516399e-11,
  "std": 0.0006893522222526371,
  "min": -0.0038467436097562313,
  "max": 0.009191234596073627,
  "norm": 0.015506595373153687,
  "quantile_25": -0.0001055935281328857,
  "quantile_50": -1.4549643765349174e-06,
  "quantile_75": 5.8620149502530694e-05,
  "timestamp": "2025-04-27T21:03:17.045181",
  "epoch": 5,
  "batch": null
}