{
  "mean": -1.2417634698280722e-09,
  "std": 0.21211516857147217,
  "min": -0.7361793518066406,
  "max": 0.825214684009552,
  "norm": 5.8744797706604,
  "quantile_25": -0.1373325139284134,
  "quantile_50": -0.0014540264382958412,
  "quantile_75": 0.130364328622818,
  "timestamp": "2025-04-27T21:03:19.571110",
  "epoch": 5,
  "batch": null
}