{
  "mean": 0.00874366145581007,
  "std": 0.09632235020399094,
  "min": -0.3409329056739807,
  "max": 0.2580697536468506,
  "norm": 1.892836332321167,
  "quantile_25": -0.051609016954898834,
  "quantile_50": 0.00781329721212387,
  "quantile_75": 0.07212686538696289,
  "timestamp": "2025-04-27T21:03:18.361322",
  "epoch": 5,
  "batch": null
}