{
  "mean": -2.3765258858055027e-11,
  "std": 0.002026256173849106,
  "min": -0.014969986863434315,
  "max": 0.014881719835102558,
  "norm": 0.12902973592281342,
  "quantile_25": -0.00023839116329327226,
  "quantile_50": 0.0,
  "quantile_75": 0.00020205038890708238,
  "timestamp": "2025-04-27T21:03:18.593317",
  "epoch": 5,
  "batch": null
}