{
  "mean": -0.0010137876961380243,
  "std": 0.09000258892774582,
  "min": -0.5798935890197754,
  "max": 0.49344372749328613,
  "norm": 3.526442050933838,
  "quantile_25": -0.03906961530447006,
  "quantile_50": -0.0004628908936865628,
  "quantile_75": 0.03668103367090225,
  "timestamp": "2025-04-27T21:03:17.895770",
  "epoch": 5,
  "batch": null
}