{
  "mean": 6.693881005048752e-10,
  "std": 0.06360702216625214,
  "min": -0.2061428427696228,
  "max": 0.31258636713027954,
  "norm": 0.8790664672851562,
  "quantile_25": -0.03422421216964722,
  "quantile_50": -0.0011701537296175957,
  "quantile_75": 0.03725205734372139,
  "timestamp": "2025-04-27T21:03:17.288941",
  "epoch": 5,
  "batch": null
}