{
  "mean": -0.0015771238831803203,
  "std": 0.053328629583120346,
  "min": -0.2407025694847107,
  "max": 0.20149797201156616,
  "norm": 0.9038406610488892,
  "quantile_25": -0.0031737955287098885,
  "quantile_50": -7.048583938740194e-11,
  "quantile_75": 0.0017940427642315626,
  "timestamp": "2025-04-27T21:03:17.056443",
  "epoch": 5,
  "batch": null
}