{
  "mean": -0.002607670845463872,
  "std": 0.07196204364299774,
  "min": -0.1964840590953827,
  "max": 0.18730536103248596,
  "norm": 1.4092516899108887,
  "quantile_25": -0.05512525886297226,
  "quantile_50": -0.002124689519405365,
  "quantile_75": 0.04567849636077881,
  "timestamp": "2025-04-27T21:03:18.299933",
  "epoch": 5,
  "batch": null
}