{
  "mean": 2.057361825791304e-06,
  "std": 0.04919521510601044,
  "min": -0.9012658596038818,
  "max": 1.034012794494629,
  "norm": 37.77980422973633,
  "quantile_25": -0.012660765089094639,
  "quantile_50": -6.847597887826851e-06,
  "quantile_75": 0.012650581076741219,
  "timestamp": "2025-04-27T21:03:17.696298",
  "epoch": 5,
  "batch": null
}