{
  "mean": -0.010478147305548191,
  "std": 0.12981751561164856,
  "min": -0.30030688643455505,
  "max": 0.8700955510139465,
  "norm": 1.2694628238677979,
  "quantile_25": -0.06056569516658783,
  "quantile_50": -0.0032771709375083447,
  "quantile_75": 0.032471586018800735,
  "timestamp": "2025-04-27T21:03:16.998438",
  "epoch": 5,
  "batch": null
}