{
  "mean": 3.6388843227541656e-07,
  "std": 0.04609348252415657,
  "min": -0.7715684175491333,
  "max": 0.7161734700202942,
  "norm": 35.39826202392578,
  "quantile_25": -0.012270579114556313,
  "quantile_50": 7.317790004890412e-05,
  "quantile_75": 0.012721262872219086,
  "timestamp": "2025-04-27T21:03:17.569723",
  "epoch": 5,
  "batch": null
}