{
  "mean": 0.0031228531152009964,
  "std": 0.07386066764593124,
  "min": -0.3747841715812683,
  "max": 0.3491675853729248,
  "norm": 1.7727017402648926,
  "quantile_25": -0.00022819475270807743,
  "quantile_50": 1.4551915228366852e-11,
  "quantile_75": 0.0004928543930873275,
  "timestamp": "2025-04-27T21:03:17.136149",
  "epoch": 5,
  "batch": null
}