{
  "mean": 0.0017962642014026642,
  "std": 0.11285477876663208,
  "min": -0.31041887402534485,
  "max": 0.34004250168800354,
  "norm": 3.1258833408355713,
  "quantile_25": -0.06950214505195618,
  "quantile_50": 0.003238305449485779,
  "quantile_75": 0.08072156459093094,
  "timestamp": "2025-04-27T21:03:19.572868",
  "epoch": 5,
  "batch": null
}