{
  "mean": -0.00031086491071619093,
  "std": 0.07015401870012283,
  "min": -0.7458425760269165,
  "max": 0.648543119430542,
  "norm": 13.469499588012695,
  "quantile_25": -0.00853770412504673,
  "quantile_50": 5.067164602223784e-05,
  "quantile_75": 0.00969624612480402,
  "timestamp": "2025-04-27T21:03:17.042697",
  "epoch": 5,
  "batch": null
}