{
  "mean": -5.202070497034583e-06,
  "std": 0.027184493839740753,
  "min": -0.3868326246738434,
  "max": 0.430664986371994,
  "norm": 20.87679672241211,
  "quantile_25": -0.0070667266845703125,
  "quantile_50": -9.4379411166301e-06,
  "quantile_75": 0.00725398026406765,
  "timestamp": "2025-04-27T21:03:17.750246",
  "epoch": 5,
  "batch": null
}