{
  "mean": 0.004169692285358906,
  "std": 0.10519927740097046,
  "min": -0.23772849142551422,
  "max": 0.31873074173927307,
  "norm": 2.060411214828491,
  "quantile_25": -0.07132197171449661,
  "quantile_50": 0.0020925989374518394,
  "quantile_75": 0.06938175857067108,
  "timestamp": "2025-04-27T21:03:17.754822",
  "epoch": 5,
  "batch": null
}