{
  "mean": 2.953844671083061e-07,
  "std": 0.03994906321167946,
  "min": -0.630113422870636,
  "max": 0.4249463677406311,
  "norm": 30.679601669311523,
  "quantile_25": -0.009824461303651333,
  "quantile_50": 2.6245179469697177e-05,
  "quantile_75": 0.010152628645300865,
  "timestamp": "2025-04-27T21:03:18.293537",
  "epoch": 5,
  "batch": null
}