{
  "mean": -0.004805381875485182,
  "std": 0.08018022030591965,
  "min": -0.33176612854003906,
  "max": 0.2367062270641327,
  "norm": 1.1101113557815552,
  "quantile_25": -0.03374481946229935,
  "quantile_50": 0.0019154706969857216,
  "quantile_75": 0.02957371436059475,
  "timestamp": "2025-04-27T21:03:17.187181",
  "epoch": 5,
  "batch": null
}