{
  "mean": 6.79844288242748e-06,
  "std": 0.053287338465452194,
  "min": -1.0895298719406128,
  "max": 1.2549946308135986,
  "norm": 35.441612243652344,
  "quantile_25": -0.0018936274573206902,
  "quantile_50": 7.966208954712783e-07,
  "quantile_75": 0.0018864864250645041,
  "timestamp": "2025-04-27T21:03:17.793396",
  "epoch": 5,
  "batch": null
}