{
  "mean": 2.1555203802425815e-11,
  "std": 0.0007833907729946077,
  "min": -0.01037962269037962,
  "max": 0.013269705697894096,
  "norm": 0.03526998683810234,
  "quantile_25": -0.00012133191921748221,
  "quantile_50": 2.2845997591502964e-06,
  "quantile_75": 0.00013077024777885526,
  "timestamp": "2025-04-27T21:03:17.755639",
  "epoch": 5,
  "batch": null
}