{
  "mean": 2.7709570531442296e-06,
  "std": 0.07417861372232437,
  "min": -1.0084549188613892,
  "max": 1.029375433921814,
  "norm": 56.96657943725586,
  "quantile_25": -0.020802052691578865,
  "quantile_50": -2.519256668165326e-05,
  "quantile_75": 0.020628083497285843,
  "timestamp": "2025-04-27T21:03:18.067927",
  "epoch": 5,
  "batch": null
}