{
  "mean": 0.0035981417167931795,
  "std": 0.07825613021850586,
  "min": -0.38703250885009766,
  "max": 0.3644547462463379,
  "norm": 1.5331250429153442,
  "quantile_25": -0.03765694051980972,
  "quantile_50": 0.002346393885090947,
  "quantile_75": 0.04346103593707085,
  "timestamp": "2025-04-27T21:03:17.950459",
  "epoch": 5,
  "batch": null
}