{
  "mean": -0.007768599316477776,
  "std": 0.12964878976345062,
  "min": -0.5620092153549194,
  "max": 0.5223901271820068,
  "norm": 2.541839599609375,
  "quantile_25": -0.05879005044698715,
  "quantile_50": -0.0020470491144806147,
  "quantile_75": 0.04991702362895012,
  "timestamp": "2025-04-27T21:03:17.818178",
  "epoch": 5,
  "batch": null
}