{
  "mean": -1.3891768811669092e-11,
  "std": 0.0005335340392775834,
  "min": -0.005195095669478178,
  "max": 0.0026260013692080975,
  "norm": 0.024020882323384285,
  "quantile_25": -8.69966097525321e-05,
  "quantile_50": 4.485519639274571e-06,
  "quantile_75": 0.00012387774768285453,
  "timestamp": "2025-04-27T21:03:18.129423",
  "epoch": 5,
  "batch": null
}