{
  "mean": -0.00010098897473653778,
  "std": 0.13083995878696442,
  "min": -0.5728700160980225,
  "max": 0.3558458983898163,
  "norm": 2.56058931350708,
  "quantile_25": -0.08587443828582764,
  "quantile_50": -0.006147745996713638,
  "quantile_75": 0.09052826464176178,
  "timestamp": "2025-04-27T21:03:17.818680",
  "epoch": 5,
  "batch": null
}