{
  "mean": 3.127270611003041e-05,
  "std": 0.0730152279138565,
  "min": -0.4919109642505646,
  "max": 0.45856228470802307,
  "norm": 7.0090813636779785,
  "quantile_25": -0.024824947118759155,
  "quantile_50": -9.520555613562465e-05,
  "quantile_75": 0.02533421479165554,
  "timestamp": "2025-04-27T21:03:17.058165",
  "epoch": 5,
  "batch": null
}