{
  "mean": -0.0015987424412742257,
  "std": 0.171885147690773,
  "min": -1.2271207571029663,
  "max": 1.2662473917007446,
  "norm": 8.249053955078125,
  "quantile_25": -0.00779363140463829,
  "quantile_50": 2.9103830456733704e-11,
  "quantile_75": 0.008464038372039795,
  "timestamp": "2025-04-27T21:03:19.515023",
  "epoch": 5,
  "batch": null
}