{
  "mean": -0.001477537676692009,
  "std": 0.10586799681186676,
  "min": -0.41824617981910706,
  "max": 0.4663437306880951,
  "norm": 2.072080135345459,
  "quantile_25": -0.05211307108402252,
  "quantile_50": 0.0018269773572683334,
  "quantile_75": 0.05001911148428917,
  "timestamp": "2025-04-27T21:03:18.014683",
  "epoch": 5,
  "batch": null
}