{
  "mean": -0.00145843590144068,
  "std": 0.4953906834125519,
  "min": -2.1425318717956543,
  "max": 3.118245840072632,
  "norm": 19.409034729003906,
  "quantile_25": -0.21103627979755402,
  "quantile_50": -0.0045364066027104855,
  "quantile_75": 0.19229204952716827,
  "timestamp": "2025-04-27T21:03:18.590234",
  "epoch": 5,
  "batch": null
}