{
  "mean": -4.540333520708373e-06,
  "std": 0.07819809764623642,
  "min": -0.36950746178627014,
  "max": 0.35675710439682007,
  "norm": 3.0637288093566895,
  "quantile_25": -0.03255647048354149,
  "quantile_50": 0.0003269973094575107,
  "quantile_75": 0.032633163034915924,
  "timestamp": "2025-04-27T21:03:18.071961",
  "epoch": 5,
  "batch": null
}