{
  "mean": 0.004006137605756521,
  "std": 0.06937515735626221,
  "min": -0.3397970497608185,
  "max": 0.35006266832351685,
  "norm": 1.3599662780761719,
  "quantile_25": -0.024239076301455498,
  "quantile_50": 0.000536779873073101,
  "quantile_75": 0.03377699479460716,
  "timestamp": "2025-04-27T21:03:18.298088",
  "epoch": 5,
  "batch": null
}