{
  "mean": 0.00033080263528972864,
  "std": 0.14851193130016327,
  "min": -2.2628777027130127,
  "max": 3.213348627090454,
  "norm": 28.513919830322266,
  "quantile_25": -0.0190717913210392,
  "quantile_50": -6.6379197960486636e-06,
  "quantile_75": 0.0190509632229805,
  "timestamp": "2025-04-27T21:03:17.037601",
  "epoch": 5,
  "batch": null
}