{
  "mean": 0.0015977158909663558,
  "std": 0.06866807490587234,
  "min": -0.16980710625648499,
  "max": 0.15222159028053284,
  "norm": 0.6694766879081726,
  "quantile_25": -0.04802025109529495,
  "quantile_50": 0.004624745808541775,
  "quantile_75": 0.04379245638847351,
  "timestamp": "2025-04-27T21:03:17.044716",
  "epoch": 5,
  "batch": null
}