{
  "mean": -4.0355531382374465e-05,
  "std": 0.10256855934858322,
  "min": -0.8219783306121826,
  "max": 0.7892758846282959,
  "norm": 9.846048355102539,
  "quantile_25": -0.039103612303733826,
  "quantile_50": -0.00025070225819945335,
  "quantile_75": 0.03918122500181198,
  "timestamp": "2025-04-27T21:03:17.014629",
  "epoch": 5,
  "batch": null
}