{
  "mean": -0.013432455249130726,
  "std": 0.08907253295183182,
  "min": -0.26424574851989746,
  "max": 0.2398705929517746,
  "norm": 0.8780907988548279,
  "quantile_25": -0.054977063089609146,
  "quantile_50": -0.0054592834785580635,
  "quantile_75": 0.019260864704847336,
  "timestamp": "2025-04-27T21:03:17.017970",
  "epoch": 5,
  "batch": null
}