{
  "mean": -3.5088757499579515e-07,
  "std": 0.05277300998568535,
  "min": -0.9206695556640625,
  "max": 0.9011055827140808,
  "norm": 35.09950256347656,
  "quantile_25": -0.0005807348061352968,
  "quantile_50": 1.048651121493549e-08,
  "quantile_75": 0.0005826893029734492,
  "timestamp": "2025-04-27T21:03:17.410165",
  "epoch": 5,
  "batch": null
}