{
  "mean": 0.023866644129157066,
  "std": 0.2272700071334839,
  "min": -0.9950871467590332,
  "max": 0.9464767575263977,
  "norm": 6.328845500946045,
  "quantile_25": -0.08939217776060104,
  "quantile_50": 0.015914373099803925,
  "quantile_75": 0.12650802731513977,
  "timestamp": "2025-04-27T21:03:20.042283",
  "epoch": 5,
  "batch": null
}