{
  "mean": 0.0011866926215589046,
  "std": 0.1538461148738861,
  "min": -0.5217772126197815,
  "max": 0.4317169785499573,
  "norm": 4.260858535766602,
  "quantile_25": -0.10410666465759277,
  "quantile_50": 0.004785710945725441,
  "quantile_75": 0.1000279113650322,
  "timestamp": "2025-04-27T21:03:18.592530",
  "epoch": 5,
  "batch": null
}