{
  "mean": 8.149072527885437e-10,
  "std": 0.10184838622808456,
  "min": -0.27332472801208496,
  "max": 0.23767457902431488,
  "norm": 1.993212103843689,
  "quantile_25": -0.0667024701833725,
  "quantile_50": 0.009599009528756142,
  "quantile_75": 0.06903527677059174,
  "timestamp": "2025-04-27T21:03:17.949730",
  "epoch": 5,
  "batch": null
}