{
  "mean": 1.171041735803513e-11,
  "std": 0.001255265437066555,
  "min": -0.026673275977373123,
  "max": 0.011194132268428802,
  "norm": 0.05651482567191124,
  "quantile_25": -0.00010024887160398066,
  "quantile_50": 5.373426574806217e-07,
  "quantile_75": 0.00015564837667625397,
  "timestamp": "2025-04-27T21:03:17.355885",
  "epoch": 5,
  "batch": null
}