{
  "mean": -6.1943815126142e-06,
  "std": 0.06926603615283966,
  "min": -0.18302662670612335,
  "max": 0.13103511929512024,
  "norm": 0.6751218438148499,
  "quantile_25": -0.04664354771375656,
  "quantile_50": 0.011569039896130562,
  "quantile_75": 0.0586099848151207,
  "timestamp": "2025-04-27T21:03:17.069409",
  "epoch": 5,
  "batch": null
}