{
  "mean": -1.2124008890168625e-06,
  "std": 0.05270562693476677,
  "min": -0.6195475459098816,
  "max": 0.7543644309043884,
  "norm": 10.119330406188965,
  "quantile_25": -0.022230425849556923,
  "quantile_50": -0.00013219445827417076,
  "quantile_75": 0.022285567596554756,
  "timestamp": "2025-04-27T21:03:17.219967",
  "epoch": 5,
  "batch": null
}