{
  "mean": -2.2303187506622635e-05,
  "std": 0.0574263259768486,
  "min": -0.7600491046905518,
  "max": 0.7691131830215454,
  "norm": 19.09725570678711,
  "quantile_25": -0.002204283606261015,
  "quantile_50": -1.3754407746091601e-06,
  "quantile_75": 0.0021971361711621284,
  "timestamp": "2025-04-27T21:03:17.214775",
  "epoch": 5,
  "batch": null
}