{
  "mean": -3.042061734959134e-06,
  "std": 0.03826918080449104,
  "min": -0.47568079829216003,
  "max": 0.40378808975219727,
  "norm": 29.389545440673828,
  "quantile_25": -0.01066657342016697,
  "quantile_50": -0.00018607117817737162,
  "quantile_75": 0.01159871555864811,
  "timestamp": "2025-04-27T21:03:17.946258",
  "epoch": 5,
  "batch": null
}