{
  "mean": 0.020526492968201637,
  "std": 0.13423629105091095,
  "min": -0.4079592823982239,
  "max": 0.29285988211631775,
  "norm": 1.323740839958191,
  "quantile_25": -0.05725551396608353,
  "quantile_50": 0.02377837710082531,
  "quantile_75": 0.11970944702625275,
  "timestamp": "2025-04-27T21:03:16.998927",
  "epoch": 5,
  "batch": null
}