{
  "mean": 2.4835269396561444e-09,
  "std": 0.33509841561317444,
  "min": -1.0744750499725342,
  "max": 1.4059607982635498,
  "norm": 9.280471801757812,
  "quantile_25": -0.22092121839523315,
  "quantile_50": -0.0008188039064407349,
  "quantile_75": 0.2147960066795349,
  "timestamp": "2025-04-27T21:03:18.833968",
  "epoch": 5,
  "batch": null
}