{
  "mean": 2.3283064365386963e-10,
  "std": 0.08842805027961731,
  "min": -0.2279690057039261,
  "max": 0.26509520411491394,
  "norm": 1.7305711507797241,
  "quantile_25": -0.055472277104854584,
  "quantile_50": 0.006210537161678076,
  "quantile_75": 0.060280244797468185,
  "timestamp": "2025-04-27T21:03:18.013903",
  "epoch": 5,
  "batch": null
}