{
  "mean": 0.0,
  "std": 0.08448371291160583,
  "min": -0.2947281002998352,
  "max": 0.329314649105072,
  "norm": 2.339756488800049,
  "quantile_25": -0.052791528403759,
  "quantile_50": 0.0022407083306461573,
  "quantile_75": 0.05158102139830589,
  "timestamp": "2025-04-27T21:03:20.041570",
  "epoch": 5,
  "batch": null
}