{
  "mean": -0.0005915419314987957,
  "std": 0.12102502584457397,
  "min": -0.37187445163726807,
  "max": 0.2512427568435669,
  "norm": 1.1796202659606934,
  "quantile_25": -0.0797661542892456,
  "quantile_50": -0.006114384159445763,
  "quantile_75": 0.08052961528301239,
  "timestamp": "2025-04-27T21:03:17.017379",
  "epoch": 5,
  "batch": null
}