{
  "mean": 0.00790956150740385,
  "std": 0.13159506022930145,
  "min": -0.3752419352531433,
  "max": 0.357401579618454,
  "norm": 2.5800259113311768,
  "quantile_25": -0.09006575495004654,
  "quantile_50": 0.004441480152308941,
  "quantile_75": 0.09995487332344055,
  "timestamp": "2025-04-27T21:03:17.576339",
  "epoch": 5,
  "batch": null
}