{
  "mean": 0.007762605790048838,
  "std": 0.12729372084140778,
  "min": -0.41911986470222473,
  "max": 0.593915581703186,
  "norm": 2.4958271980285645,
  "quantile_25": -0.04360849782824516,
  "quantile_50": 0.004488509614020586,
  "quantile_75": 0.06489202380180359,
  "timestamp": "2025-04-27T21:03:17.575511",
  "epoch": 5,
  "batch": null
}