{
  "mean": 7.321747489186237e-06,
  "std": 0.16790816187858582,
  "min": -0.5979005098342896,
  "max": 0.4460044503211975,
  "norm": 3.286027669906616,
  "quantile_25": -0.11479190737009048,
  "quantile_50": 0.01308487355709076,
  "quantile_75": 0.11421241611242294,
  "timestamp": "2025-04-27T21:03:17.354246",
  "epoch": 5,
  "batch": null
}