{
  "mean": 0.007388071622699499,
  "std": 0.06197066605091095,
  "min": -0.1637515425682068,
  "max": 0.3357445001602173,
  "norm": 0.6083375215530396,
  "quantile_25": -0.01759936474263668,
  "quantile_50": 0.0008643590845167637,
  "quantile_75": 0.03050811029970646,
  "timestamp": "2025-04-27T21:03:17.044261",
  "epoch": 5,
  "batch": null
}