{
  "mean": 0.009354573674499989,
  "std": 0.08946479856967926,
  "min": -0.38828691840171814,
  "max": 0.36336246132850647,
  "norm": 1.7604306936264038,
  "quantile_25": -0.03136051073670387,
  "quantile_50": 0.002126002684235573,
  "quantile_75": 0.05291680246591568,
  "timestamp": "2025-04-27T21:03:18.360728",
  "epoch": 5,
  "batch": null
}