{
  "mean": -3.3631092355435044e-10,
  "std": 0.10182566940784454,
  "min": -1.6715737581253052,
  "max": 1.6493231058120728,
  "norm": 156.32826232910156,
  "quantile_25": -0.010513649322092533,
  "quantile_50": 7.739176055565622e-08,
  "quantile_75": 0.011334147304296494,
  "timestamp": "2025-04-27T21:03:19.328518",
  "epoch": 5,
  "batch": null
}