{
  "mean": -0.0010346752824261785,
  "std": 0.147891566157341,
  "min": -0.7062064409255981,
  "max": 0.7604855298995972,
  "norm": 4.095922946929932,
  "quantile_25": -0.06400655955076218,
  "quantile_50": -0.003624425269663334,
  "quantile_75": 0.059773605316877365,
  "timestamp": "2025-04-27T21:03:18.591689",
  "epoch": 5,
  "batch": null
}