{
  "mean": -0.005348810460418463,
  "std": 0.07551194727420807,
  "min": -0.33318617939949036,
  "max": 0.331699013710022,
  "norm": 2.0965323448181152,
  "quantile_25": -0.03304737061262131,
  "quantile_50": -0.0015011233044788241,
  "quantile_75": 0.028069421648979187,
  "timestamp": "2025-04-27T21:03:17.172317",
  "epoch": 5,
  "batch": null
}