{
  "mean": -0.005434222985059023,
  "std": 0.15304213762283325,
  "min": -0.6955874562263489,
  "max": 0.6662611365318298,
  "norm": 2.9969863891601562,
  "quantile_25": -0.059712305665016174,
  "quantile_50": 0.00399115402251482,
  "quantile_75": 0.05374542996287346,
  "timestamp": "2025-04-27T21:03:17.433858",
  "epoch": 5,
  "batch": null
}