{
  "mean": 0.00451870821416378,
  "std": 0.27840283513069153,
  "min": -0.8434452414512634,
  "max": 0.8408780097961426,
  "norm": 7.711317539215088,
  "quantile_25": -0.18404166400432587,
  "quantile_50": 0.007689870428293943,
  "quantile_75": 0.1861000806093216,
  "timestamp": "2025-04-27T21:03:17.345724",
  "epoch": 5,
  "batch": null
}