{
  "mean": 0.01322041917592287,
  "std": 0.08077191561460495,
  "min": -0.3815547823905945,
  "max": 0.33841121196746826,
  "norm": 1.131221055984497,
  "quantile_25": -0.019946854561567307,
  "quantile_50": 0.003722804132848978,
  "quantile_75": 0.03746265172958374,
  "timestamp": "2025-04-27T21:03:17.221560",
  "epoch": 5,
  "batch": null
}