{
  "mean": -5.1740143419687357e-11,
  "std": 0.12303853034973145,
  "min": -1.8623849153518677,
  "max": 2.5152857303619385,
  "norm": 133.62417602539062,
  "quantile_25": -0.049323227256536484,
  "quantile_50": -3.942616967833601e-05,
  "quantile_75": 0.049277715384960175,
  "timestamp": "2025-04-27T21:03:18.583400",
  "epoch": 5,
  "batch": null
}