{
  "mean": -0.001884866040199995,
  "std": 0.060553498566150665,
  "min": -0.3074754774570465,
  "max": 0.39051422476768494,
  "norm": 2.0553576946258545,
  "quantile_25": -0.0029470238368958235,
  "quantile_50": -1.819006056891226e-11,
  "quantile_75": 0.0017207334749400616,
  "timestamp": "2025-04-27T21:03:18.344030",
  "epoch": 5,
  "batch": null
}