{
  "mean": 0.001060824142768979,
  "std": 0.10234633088111877,
  "min": -0.5081945657730103,
  "max": 0.7226771116256714,
  "norm": 3.472428560256958,
  "quantile_25": -0.0019292245851829648,
  "quantile_50": -6.775735528208315e-11,
  "quantile_75": 0.0017057828372344375,
  "timestamp": "2025-04-27T21:03:17.796663",
  "epoch": 5,
  "batch": null
}