{
  "mean": 1.3576612900578766e-07,
  "std": 3.455549955368042,
  "min": -17.741615295410156,
  "max": 10.123812675476074,
  "norm": 234.54493713378906,
  "quantile_25": -0.7022387981414795,
  "quantile_50": 0.26677200198173523,
  "quantile_75": 1.0111192464828491,
  "timestamp": "2025-04-27T21:03:16.995791",
  "epoch": 5,
  "batch": null
}