{
  "mean": 0.007440025452524424,
  "std": 0.09650921821594238,
  "min": -0.32626116275787354,
  "max": 0.23586954176425934,
  "norm": 1.3377621173858643,
  "quantile_25": -0.05997118726372719,
  "quantile_50": 0.012866748496890068,
  "quantile_75": 0.0752362608909607,
  "timestamp": "2025-04-27T21:03:17.124349",
  "epoch": 5,
  "batch": null
}