{
  "mean": -0.0021156929433345795,
  "std": 0.06643123924732208,
  "min": -0.31785982847213745,
  "max": 0.31480860710144043,
  "norm": 1.3007458448410034,
  "quantile_25": -0.027302449569106102,
  "quantile_50": -0.00211606128141284,
  "quantile_75": 0.030476734042167664,
  "timestamp": "2025-04-27T21:03:18.128082",
  "epoch": 5,
  "batch": null
}