{
  "mean": 1.380212779622525e-05,
  "std": 0.09263083338737488,
  "min": -1.9845376014709473,
  "max": 1.8785477876663208,
  "norm": 71.13602447509766,
  "quantile_25": -0.021509215235710144,
  "quantile_50": -1.371232428937219e-06,
  "quantile_75": 0.021591022610664368,
  "timestamp": "2025-04-27T21:03:17.514894",
  "epoch": 5,
  "batch": null
}