{
  "mean": -1.7599752766273014e-07,
  "std": 0.07890717685222626,
  "min": -1.4054735898971558,
  "max": 1.2671302556991577,
  "norm": 60.597572326660156,
  "quantile_25": -0.021138159558176994,
  "quantile_50": 3.974585524701979e-06,
  "quantile_75": 0.02105627954006195,
  "timestamp": "2025-04-27T21:03:17.891167",
  "epoch": 5,
  "batch": null
}