{
  "mean": -6.208817349140361e-10,
  "std": 0.081929050385952,
  "min": -0.25202062726020813,
  "max": 0.24389871954917908,
  "norm": 2.269005537033081,
  "quantile_25": -0.057342566549777985,
  "quantile_50": 0.0023654019460082054,
  "quantile_75": 0.0576353594660759,
  "timestamp": "2025-04-27T21:03:19.337190",
  "epoch": 5,
  "batch": null
}