{
  "mean": -5.284671715344302e-06,
  "std": 0.04721749946475029,
  "min": -0.5050960779190063,
  "max": 0.46015751361846924,
  "norm": 18.13135528564453,
  "quantile_25": -0.01763361319899559,
  "quantile_50": -8.620960443295189e-07,
  "quantile_75": 0.01752208173274994,
  "timestamp": "2025-04-27T21:03:17.635025",
  "epoch": 5,
  "batch": null
}