{
  "mean": 0.00350941508077085,
  "std": 0.20979827642440796,
  "min": -0.747137725353241,
  "max": 0.7484367489814758,
  "norm": 5.81112813949585,
  "quantile_25": -0.1372464895248413,
  "quantile_50": 0.004162037745118141,
  "quantile_75": 0.14397341012954712,
  "timestamp": "2025-04-27T21:03:20.042857",
  "epoch": 5,
  "batch": null
}