{
  "mean": 0.00131558149587363,
  "std": 0.15120334923267365,
  "min": -0.795400857925415,
  "max": 0.7815436720848083,
  "norm": 5.129978179931641,
  "quantile_25": -0.0006744135171175003,
  "quantile_50": 1.1823431123048067e-11,
  "quantile_75": 0.0010883559007197618,
  "timestamp": "2025-04-27T21:03:17.413352",
  "epoch": 5,
  "batch": null
}