{
  "mean": 1.5522043372850902e-10,
  "std": 0.08152524381875992,
  "min": -0.19787746667861938,
  "max": 0.338626503944397,
  "norm": 1.1267012357711792,
  "quantile_25": -0.051393795758485794,
  "quantile_50": -0.009260701015591621,
  "quantile_75": 0.05468262359499931,
  "timestamp": "2025-04-27T21:03:17.186604",
  "epoch": 5,
  "batch": null
}