{
  "mean": -0.002996160415932536,
  "std": 0.16347159445285797,
  "min": -0.7677873969078064,
  "max": 0.8851922154426575,
  "norm": 3.1997406482696533,
  "quantile_25": -0.06828006356954575,
  "quantile_50": -0.0038068862631917,
  "quantile_75": 0.06402988731861115,
  "timestamp": "2025-04-27T21:03:17.103023",
  "epoch": 5,
  "batch": null
}