{
  "mean": -0.0035514235496520996,
  "std": 0.10354901105165482,
  "min": -0.522886335849762,
  "max": 0.4826086163520813,
  "norm": 3.515111207962036,
  "quantile_25": -0.0013809321681037545,
  "quantile_50": 3.240074875066057e-11,
  "quantile_75": 0.002141980454325676,
  "timestamp": "2025-04-27T21:03:17.620621",
  "epoch": 5,
  "batch": null
}