{
  "mean": -1.4058357010071632e-05,
  "std": 0.04841246083378792,
  "min": -0.7809739112854004,
  "max": 0.6693098545074463,
  "norm": 32.19930648803711,
  "quantile_25": -0.0015246900729835033,
  "quantile_50": -5.357838972486206e-07,
  "quantile_75": 0.0015248230192810297,
  "timestamp": "2025-04-27T21:03:17.617323",
  "epoch": 5,
  "batch": null
}