{
  "mean": -0.0005915434448979795,
  "std": 0.07074438780546188,
  "min": -0.18393725156784058,
  "max": 0.1621721088886261,
  "norm": 0.6895554065704346,
  "quantile_25": -0.05027460679411888,
  "quantile_50": 0.0008458279771730304,
  "quantile_75": 0.04819343239068985,
  "timestamp": "2025-04-27T21:03:17.043617",
  "epoch": 5,
  "batch": null
}