{
  "mean": 2.518346627766732e-05,
  "std": 0.08012308180332184,
  "min": -1.1456103324890137,
  "max": 1.527124047279358,
  "norm": 61.53123474121094,
  "quantile_25": -0.02135058119893074,
  "quantile_50": -2.9644072583323577e-06,
  "quantile_75": 0.021334104239940643,
  "timestamp": "2025-04-27T21:03:18.411791",
  "epoch": 5,
  "batch": null
}