{
  "mean": 8.768461651209591e-12,
  "std": 0.000905916967894882,
  "min": -0.008036862127482891,
  "max": 0.007819090969860554,
  "norm": 0.040786389261484146,
  "quantile_25": -0.00011606326006585732,
  "quantile_50": 0.0,
  "quantile_75": 0.00010887229291256517,
  "timestamp": "2025-04-27T21:03:18.300973",
  "epoch": 5,
  "batch": null
}