{
  "mean": -3.1044086745701804e-10,
  "std": 0.1217069923877716,
  "min": -0.41553017497062683,
  "max": 0.36413341760635376,
  "norm": 2.381852865219116,
  "quantile_25": -0.08010732382535934,
  "quantile_50": 0.0032637491822242737,
  "quantile_75": 0.08574903756380081,
  "timestamp": "2025-04-27T21:03:17.640576",
  "epoch": 5,
  "batch": null
}