{
  "mean": 0.0035592287313193083,
  "std": 0.08422540128231049,
  "min": -0.3702763319015503,
  "max": 0.40605100989341736,
  "norm": 1.6497985124588013,
  "quantile_25": -0.03188338130712509,
  "quantile_50": 0.0016175785567611456,
  "quantile_75": 0.03709620237350464,
  "timestamp": "2025-04-27T21:03:17.641741",
  "epoch": 5,
  "batch": null
}