{
  "mean": -0.0006024980102665722,
  "std": 0.0532984584569931,
  "min": -0.11147583276033401,
  "max": 0.18369783461093903,
  "norm": 0.5195226669311523,
  "quantile_25": -0.0365162156522274,
  "quantile_50": -0.0004937128396704793,
  "quantile_75": 0.028896499425172806,
  "timestamp": "2025-04-27T21:03:17.093389",
  "epoch": 5,
  "batch": null
}