{
  "mean": 0.009429654106497765,
  "std": 0.09572140872478485,
  "min": -0.4264621436595917,
  "max": 0.3273392617702484,
  "norm": 1.083988070487976,
  "quantile_25": -0.009176839143037796,
  "quantile_50": 0.0,
  "quantile_75": 0.039740100502967834,
  "timestamp": "2025-04-27T21:03:20.077522",
  "epoch": 5,
  "batch": null
}