{
  "mean": -0.0019522607326507568,
  "std": 0.013720988295972347,
  "min": -0.05834438279271126,
  "max": 0.04112066328525543,
  "norm": 0.1561972200870514,
  "quantile_25": -0.008140109479427338,
  "quantile_50": -0.0017133699730038643,
  "quantile_75": 0.0025917193852365017,
  "timestamp": "2025-04-30T22:58:09.034661",
  "epoch": 9,
  "batch": null
}