{
  "mean": -1.5712942058598856e-10,
  "std": 1.9132382345077303e-09,
  "min": -7.450580596923828e-09,
  "max": 4.889443516731262e-09,
  "norm": 2.1634262381553526e-08,
  "quantile_25": -9.313225746154785e-10,
  "quantile_50": 0.0,
  "quantile_75": 4.656612873077393e-10,
  "timestamp": "2025-04-30T22:58:08.987102",
  "epoch": 9,
  "batch": null
}