{
  "mean": -0.003166413865983486,
  "std": 0.01639915071427822,
  "min": -0.051077701151371,
  "max": 0.05810081213712692,
  "norm": 0.1882491111755371,
  "quantile_25": -0.010421144776046276,
  "quantile_50": -0.0032095869537442923,
  "quantile_75": 0.003452941309660673,
  "timestamp": "2025-04-30T22:58:09.062663",
  "epoch": 9,
  "batch": null
}