{
  "mean": 4.938388883601874e-05,
  "std": 0.0025553456507623196,
  "min": -0.007313848473131657,
  "max": 0.008328485302627087,
  "norm": 0.057775188237428665,
  "quantile_25": -0.0014378151390701532,
  "quantile_50": 0.0,
  "quantile_75": 0.0015914322575554252,
  "timestamp": "2025-04-30T22:58:08.790909",
  "epoch": 9,
  "batch": null
}