{
  "mean": -1.2883284398412798e-05,
  "std": 0.006269112695008516,
  "min": -0.0474821999669075,
  "max": 0.0481075644493103,
  "norm": 2.269653081893921,
  "quantile_25": -0.001629722653888166,
  "quantile_50": 0.0,
  "quantile_75": 0.0017007084097713232,
  "timestamp": "2025-04-30T22:58:08.846526",
  "epoch": 9,
  "batch": null
}