{
  "mean": -2.8101683710701764e-05,
  "std": 0.004863751586526632,
  "min": -0.018596047535538673,
  "max": 0.013989238068461418,
  "norm": 0.0776691809296608,
  "quantile_25": -0.0030128180515021086,
  "quantile_50": 0.0,
  "quantile_75": 0.003072190098464489,
  "timestamp": "2025-04-30T22:58:08.924102",
  "epoch": 9,
  "batch": null
}