{
  "mean": 3.2032154706485017e-12,
  "std": 6.429580756694975e-10,
  "min": -2.9103830456733704e-09,
  "max": 3.259629011154175e-09,
  "norm": 1.0267344308090287e-08,
  "quantile_25": -2.3283064365386963e-10,
  "quantile_50": 0.0,
  "quantile_75": 2.3283064365386963e-10,
  "timestamp": "2025-04-30T22:58:08.871526",
  "epoch": 9,
  "batch": null
}