{
  "mean": 1.6338162822648883e-08,
  "std": 0.005154245998710394,
  "min": -0.02065104991197586,
  "max": 0.017539791762828827,
  "norm": 0.08230670541524887,
  "quantile_25": -0.002758169546723366,
  "quantile_50": 0.0001845542574301362,
  "quantile_75": 0.003017330076545477,
  "timestamp": "2025-04-30T22:58:08.899102",
  "epoch": 9,
  "batch": null
}