{
  "mean": -1.420394255546853e-06,
  "std": 0.002695696894079447,
  "min": -0.009245119988918304,
  "max": 0.007847972214221954,
  "norm": 0.0609370656311512,
  "quantile_25": -0.0013409575913101435,
  "quantile_50": 0.0,
  "quantile_75": 0.0015972452238202095,
  "timestamp": "2025-04-30T22:58:08.743905",
  "epoch": 9,
  "batch": null
}