{
  "mean": 3.694822225952521e-11,
  "std": 0.007685073185712099,
  "min": -0.21547670662403107,
  "max": 0.1316734403371811,
  "norm": 1.9673621654510498,
  "quantile_25": -0.0011348511325195432,
  "quantile_50": 0.0,
  "quantile_75": 0.0011455008061602712,
  "timestamp": "2025-04-30T22:58:08.692900",
  "epoch": 9,
  "batch": null
}