{
  "mean": -1.9208190593644758e-11,
  "std": 4.6519694762992e-09,
  "min": -4.0978193283081055e-08,
  "max": 8.987262845039368e-08,
  "norm": 1.0516009751881938e-07,
  "quantile_25": -4.656612873077393e-10,
  "quantile_50": 0.0,
  "quantile_75": 3.4924596548080444e-10,
  "timestamp": "2025-04-30T22:58:08.717907",
  "epoch": 9,
  "batch": null
}