{
  "mean": -0.00031276477966457605,
  "std": 0.012138747610151768,
  "min": -0.1346137523651123,
  "max": 0.08680769056081772,
  "norm": 2.1980433464050293,
  "quantile_25": -0.0031061419285833836,
  "quantile_50": 0.0,
  "quantile_75": 0.0037873131223022938,
  "timestamp": "2025-04-30T22:58:08.962103",
  "epoch": 9,
  "batch": null
}