{
  "mean": -5.175024853087962e-10,
  "std": 0.13224764168262482,
  "min": -0.47055160999298096,
  "max": 0.28361257910728455,
  "norm": 2.9894988536834717,
  "quantile_25": 0.0,
  "quantile_50": 0.023914730176329613,
  "quantile_75": 0.06523795425891876,
  "timestamp": "2025-04-30T22:58:09.090242",
  "epoch": 9,
  "batch": null
}