{
  "mean": 0.0,
  "std": 0.3596591055393219,
  "min": -0.5191842317581177,
  "max": 0.3009423315525055,
  "norm": 0.6229478716850281,
  "quantile_25": -0.082039974629879,
  "quantile_50": 0.10912095010280609,
  "quantile_75": 0.1911609172821045,
  "timestamp": "2025-04-30T22:58:09.118238",
  "epoch": 9,
  "batch": null
}