{
  "mean": -0.006040235981345177,
  "std": 0.4072817265987396,
  "min": -2.7773044109344482,
  "max": 2.780689001083374,
  "norm": 19.54743194580078
}