{
  "mean": 0.01593117229640484,
  "std": 0.19536297023296356,
  "min": -1.052744746208191,
  "max": 0.7978784441947937,
  "norm": 2.7089791297912598
}