{
  "mean": 1.7181535440613516e-05,
  "std": 0.06245245039463043,
  "min": -3.3696680068969727,
  "max": 2.171339273452759,
  "norm": 83.07209014892578
}