{
  "mean": -0.010584739036858082,
  "std": 0.10959375649690628,
  "min": -0.4326544404029846,
  "max": 0.2738931477069855,
  "norm": 2.1547982692718506
}