{
  "mean": 6.208817349140361e-10,
  "std": 0.1478598266839981,
  "min": -0.4229164123535156,
  "max": 0.42074134945869446,
  "norm": 2.893673896789551
}