{
  "mean": 0.019399672746658325,
  "std": 0.21209374070167542,
  "min": -0.6434099674224854,
  "max": 0.628058135509491,
  "norm": 4.168128490447998
}