{
  "mean": 1.2417634698280722e-09,
  "std": 0.13391177356243134,
  "min": -0.424604594707489,
  "max": 0.42516541481018066,
  "norm": 2.6207051277160645
}