{
  "mean": 0.002580242231488228,
  "std": 0.28719350695610046,
  "min": -0.7492352724075317,
  "max": 0.8417575359344482,
  "norm": 2.799330234527588
}