{
  "mean": 8.993770848064742e-07,
  "std": 0.18888235092163086,
  "min": -5.471356391906738,
  "max": 5.82849645614624,
  "norm": 290.0240173339844
}