{
  "mean": 0.0007671185885556042,
  "std": 0.24632775783538818,
  "min": -1.1814147233963013,
  "max": 0.8719475865364075,
  "norm": 4.8207526206970215
}