{
  "mean": -0.01100078970193863,
  "std": 0.10765673220157623,
  "min": -0.416583776473999,
  "max": 0.26110297441482544,
  "norm": 1.0548293590545654
}