{
  "mean": 0.002966520143672824,
  "std": 0.0773523598909378,
  "min": -0.2933386564254761,
  "max": 0.3501178026199341,
  "norm": 3.032823085784912
}