{
  "mean": 0.005085343029350042,
  "std": 0.19210992753505707,
  "min": -0.49705827236175537,
  "max": 0.4506208300590515,
  "norm": 1.8731188774108887
}