{
  "mean": -1.8933580577140674e-05,
  "std": 0.08947325497865677,
  "min": -0.7929805517196655,
  "max": 0.8040367960929871,
  "norm": 17.178613662719727
}