{
  "mean": 2.3513873657066142e-06,
  "std": 0.07350364327430725,
  "min": -1.2850323915481567,
  "max": 1.2788807153701782,
  "norm": 48.8874626159668
}