{
  "mean": 0.0006527882069349289,
  "std": 0.10206755250692368,
  "min": -0.3626171350479126,
  "max": 0.5175829529762268,
  "norm": 2.8267946243286133
}