{
  "mean": 5.567572316067526e-06,
  "std": 0.11542420834302902,
  "min": -1.5507092475891113,
  "max": 1.7466522455215454,
  "norm": 88.6407470703125
}