{
  "mean": -0.002260242821648717,
  "std": 0.07658888399600983,
  "min": -0.4337006211280823,
  "max": 0.36252397298812866,
  "norm": 2.5995166301727295
}