{
  "mean": -1.9092536604148336e-05,
  "std": 0.06883667409420013,
  "min": -1.6589183807373047,
  "max": 2.2230470180511475,
  "norm": 45.783512115478516
}