{
  "mean": -0.003924275748431683,
  "std": 0.13103243708610535,
  "min": -0.6430179476737976,
  "max": 0.6735642552375793,
  "norm": 5.136032581329346
}