{
  "mean": 8.25281131255906e-06,
  "std": 0.05559092015028,
  "min": -0.7871807813644409,
  "max": 0.7509947419166565,
  "norm": 42.69205856323242
}