{
  "mean": 7.297111005755141e-05,
  "std": 0.21126164495944977,
  "min": -1.466157078742981,
  "max": 1.4710547924041748,
  "norm": 20.28001594543457
}