{
  "mean": 0.02631799876689911,
  "std": 0.355709969997406,
  "min": -0.5137031674385071,
  "max": 2.792003870010376,
  "norm": 3.4766080379486084
}