{
  "mean": 0.0,
  "std": 0.19265082478523254,
  "min": -0.43194788694381714,
  "max": 0.5735124349594116,
  "norm": 2.662487268447876
}