{
  "mean": -0.005449546966701746,
  "std": 0.11128687858581543,
  "min": -0.3239043056964874,
  "max": 0.30573970079421997,
  "norm": 2.1805436611175537
}