{
  "mean": 0.0016338545829057693,
  "std": 0.09347545355558395,
  "min": -0.4895341396331787,
  "max": 0.5142151117324829,
  "norm": 2.589176654815674
}