{
  "mean": 1.3920575838710647e-05,
  "std": 0.1465877741575241,
  "min": -4.443542957305908,
  "max": 4.492860794067383,
  "norm": 225.08128356933594
}