{
  "mean": 0.0081784101203084,
  "std": 0.13422086834907532,
  "min": -0.23510155081748962,
  "max": 0.35644733905792236,
  "norm": 1.310675024986267
}