{
  "mean": -0.0004500444629229605,
  "std": 0.1982315480709076,
  "min": -0.9720357060432434,
  "max": 1.050034761428833,
  "norm": 3.3582639694213867
}