{
  "mean": 0.011920798569917679,
  "std": 0.14813849329948425,
  "min": -0.41861552000045776,
  "max": 0.42634862661361694,
  "norm": 2.9085235595703125
}