{
  "mean": -0.0006957181612960994,
  "std": 0.08960026502609253,
  "min": -0.2995254397392273,
  "max": 0.26282522082328796,
  "norm": 2.4815335273742676
}