{
  "mean": 2.9570062906714156e-05,
  "std": 0.08802113682031631,
  "min": -1.1792758703231812,
  "max": 1.4804065227508545,
  "norm": 29.271610260009766
}