{
  "mean": -1.5522043372850902e-10,
  "std": 0.15390686690807343,
  "min": -0.4558887481689453,
  "max": 0.47397661209106445,
  "norm": 3.012016773223877
}