{
  "mean": 0.009283422492444515,
  "std": 0.2304108738899231,
  "min": -1.1156623363494873,
  "max": 1.1464264392852783,
  "norm": 6.386359691619873
}