{
  "mean": 5.510784537032798e-11,
  "std": 0.0014984268927946687,
  "min": -0.02184091880917549,
  "max": 0.01185542531311512,
  "norm": 0.03370627760887146
}