{
  "mean": 2.2875496635821335e-11,
  "std": 0.0010595585918053985,
  "min": -0.00509624183177948,
  "max": 0.023730933666229248,
  "norm": 0.04770367592573166
}