{
  "mean": 0.012782947160303593,
  "std": 0.15282723307609558,
  "min": -0.6837857961654663,
  "max": 0.9010612964630127,
  "norm": 4.247313499450684
}