{
  "mean": -6.486652361081813e-12,
  "std": 0.0016105271643027663,
  "min": -0.04970383271574974,
  "max": 0.010144034400582314,
  "norm": 0.07250948995351791
}