{
  "mean": 7.158765947679058e-05,
  "std": 0.14792057871818542,
  "min": -0.4297245442867279,
  "max": 0.4026554226875305,
  "norm": 4.096625804901123
}