{
  "mean": 0.0010647500166669488,
  "std": 0.34329336881637573,
  "min": -0.9462646245956421,
  "max": 0.8692564964294434,
  "norm": 3.3460259437561035
}