{
  "mean": 0.012502633966505527,
  "std": 0.20198537409305573,
  "min": -0.7909865379333496,
  "max": 0.5756374597549438,
  "norm": 1.9725173711776733
}