{
  "mean": 0.0007646367303095758,
  "std": 0.15613843500614166,
  "min": -0.7813861966133118,
  "max": 0.9009909629821777,
  "norm": 5.297277450561523
}