{
  "mean": -3.1044086745701804e-10,
  "std": 0.17493632435798645,
  "min": -0.47505199909210205,
  "max": 0.5011290907859802,
  "norm": 3.4235713481903076
}