{
  "mean": 4.678426483023523e-12,
  "std": 0.001298634335398674,
  "min": -0.018940282985568047,
  "max": 0.015681901946663857,
  "norm": 0.05846738815307617
}