{
  "mean": -1.8703544810705353e-06,
  "std": 0.054947733879089355,
  "min": -0.8885239362716675,
  "max": 0.8833316564559937,
  "norm": 42.19816589355469
}