{
  "mean": 0.007353442255407572,
  "std": 0.13056205213069916,
  "min": -0.311217725276947,
  "max": 0.3189958333969116,
  "norm": 1.8072779178619385
}