{
  "mean": 7.837389603082556e-06,
  "std": 0.09217508137226105,
  "min": -0.6965741515159607,
  "max": 0.7760330438613892,
  "norm": 35.394866943359375
}