{
  "mean": -3.923248186765704e-06,
  "std": 0.05759231001138687,
  "min": -0.8605655431747437,
  "max": 0.8206381797790527,
  "norm": 44.22927474975586
}