{
  "mean": 0.0006544706993736327,
  "std": 0.11083999276161194,
  "min": -1.088320255279541,
  "max": 1.504425287246704,
  "norm": 21.281322479248047
}