{
  "mean": -1.2417634698280722e-09,
  "std": 0.08458928763866425,
  "min": -0.23762477934360504,
  "max": 0.24784249067306519,
  "norm": 1.6554450988769531
}