{
  "mean": 6.589779786736472e-06,
  "std": 0.07830800116062164,
  "min": -1.1330491304397583,
  "max": 1.4744406938552856,
  "norm": 60.13780212402344
}