{
  "mean": 0.0003153569996356964,
  "std": 0.09706823527812958,
  "min": -0.36801570653915405,
  "max": 0.2780172824859619,
  "norm": 1.8996727466583252
}