{
  "mean": 0.013137680478394032,
  "std": 0.15417352318763733,
  "min": -0.5901093482971191,
  "max": 0.6227832436561584,
  "norm": 3.028198480606079
}