{
  "mean": -0.007834450341761112,
  "std": 0.13301829993724823,
  "min": -0.3761054277420044,
  "max": 0.34310483932495117,
  "norm": 1.2987724542617798
}