{
  "mean": 2.3562241040053777e-05,
  "std": 0.20172636210918427,
  "min": -4.535151958465576,
  "max": 5.095504283905029,
  "norm": 33.54182815551758
}