{
  "mean": -2.3388613499264466e-06,
  "std": 0.08072689920663834,
  "min": -1.0619359016418457,
  "max": 1.2165724039077759,
  "norm": 30.9987850189209
}