{
  "mean": 3.203143306151901e-11,
  "std": 0.0015039651188999414,
  "min": -0.03217050060629845,
  "max": 0.02765616588294506,
  "norm": 0.06771183758974075
}