{
  "mean": -9.657541340857279e-06,
  "std": 0.13504144549369812,
  "min": -2.2958593368530273,
  "max": 2.1468348503112793,
  "norm": 51.854923248291016
}