{
  "mean": 0.00026499477098695934,
  "std": 0.20632971823215485,
  "min": -2.7044177055358887,
  "max": 2.9548680782318115,
  "norm": 39.614707946777344
}