{
  "mean": -2.4835269396561444e-09,
  "std": 0.1792702078819275,
  "min": -0.5213984847068787,
  "max": 0.5929144620895386,
  "norm": 3.508387565612793
}