{
  "mean": -0.012061984278261662,
  "std": 0.7129356861114502,
  "min": -4.832253932952881,
  "max": 4.19041109085083,
  "norm": 27.9361629486084
}