{
  "mean": 0.010415664874017239,
  "std": 0.10058654844760895,
  "min": -0.27737241983413696,
  "max": 0.5726820230484009,
  "norm": 1.9790705442428589
}