{
  "mean": 3.3631092355435044e-10,
  "std": 0.09798600524663925,
  "min": -1.6103676557540894,
  "max": 1.3535988330841064,
  "norm": 150.44114685058594
}