{
  "mean": 0.001064763404428959,
  "std": 0.13446450233459473,
  "min": -0.3533334732055664,
  "max": 0.3783915340900421,
  "norm": 1.3106393814086914
}