{
  "mean": -0.007435512263327837,
  "std": 0.18008793890476227,
  "min": -0.5017672777175903,
  "max": 0.4909956455230713,
  "norm": 3.5274009704589844
}