{
  "mean": 3.614025263232179e-05,
  "std": 0.12809111177921295,
  "min": -1.8350375890731812,
  "max": 1.8620660305023193,
  "norm": 21.29819679260254
}