{
  "mean": -2.4835269396561444e-09,
  "std": 0.30266010761260986,
  "min": -0.8975357413291931,
  "max": 1.2434417009353638,
  "norm": 8.382101058959961
}