{
  "mean": 0.01474184263497591,
  "std": 0.13473214209079742,
  "min": -0.4648473560810089,
  "max": 0.6472131013870239,
  "norm": 1.8732060194015503
}