{
  "mean": -0.0050628092139959335,
  "std": 0.46832653880119324,
  "min": -3.0008177757263184,
  "max": 3.2872095108032227,
  "norm": 12.970952033996582
}