{
  "mean": 0.0027168940287083387,
  "std": 0.10348118096590042,
  "min": -0.5884753465652466,
  "max": 0.4267883896827698,
  "norm": 4.055694103240967
}