{
  "mean": 0.0009700036607682705,
  "std": 0.08727183938026428,
  "min": -0.4688979983329773,
  "max": 0.3939726948738098,
  "norm": 2.4171226024627686
}