{
  "mean": 0.004907242488116026,
  "std": 0.1669534146785736,
  "min": -0.4937434196472168,
  "max": 0.6797221899032593,
  "norm": 2.3083436489105225
}