{
  "mean": -2.945042524515884e-06,
  "std": 0.07339935749769211,
  "min": -0.6523954272270203,
  "max": 0.6222409605979919,
  "norm": 28.185155868530273
}