{
  "mean": 6.208817349140361e-10,
  "std": 0.12913475930690765,
  "min": -0.43135392665863037,
  "max": 0.3798355162143707,
  "norm": 2.527217149734497
}