{
  "mean": 3.725290298461914e-09,
  "std": 0.30849677324295044,
  "min": -0.9032490253448486,
  "max": 0.7888621091842651,
  "norm": 6.0374016761779785
}