{
  "mean": 0.007721282541751862,
  "std": 0.1440025418996811,
  "min": -0.5803659558296204,
  "max": 0.6131415367126465,
  "norm": 2.8222439289093018
}