{
  "mean": -2.0404062524903566e-05,
  "std": 0.15452702343463898,
  "min": -1.5322015285491943,
  "max": 1.383592128753662,
  "norm": 41.95820236206055
}