{
  "mean": 1.2935035854921839e-11,
  "std": 0.06315296143293381,
  "min": -0.7548843622207642,
  "max": 0.850782573223114,
  "norm": 48.49960708618164
}