{
  "mean": -2.029567440331448e-05,
  "std": 0.08455749601125717,
  "min": -0.9456995129585266,
  "max": 1.1342039108276367,
  "norm": 16.23480987548828
}