{
  "mean": -0.0035845348611474037,
  "std": 0.1311970055103302,
  "min": -0.7574834227561951,
  "max": 0.5954298377037048,
  "norm": 4.45270299911499
}