{
  "mean": 2.8960717827430926e-05,
  "std": 0.10482031106948853,
  "min": -1.507143497467041,
  "max": 1.575843095779419,
  "norm": 80.49767303466797
}