{
  "mean": -2.1639280021190643e-05,
  "std": 0.06618709862232208,
  "min": -1.1267609596252441,
  "max": 0.9771974682807922,
  "norm": 25.41546058654785
}