{
  "mean": -0.0012215401511639357,
  "std": 0.14705367386341095,
  "min": -0.3991650342941284,
  "max": 0.46159330010414124,
  "norm": 2.8779964447021484
}