{
  "mean": -2.4848720840964234e-06,
  "std": 0.046938542276620865,
  "min": -0.6340564489364624,
  "max": 0.6325218677520752,
  "norm": 36.04668045043945
}