{
  "mean": -0.001990529242902994,
  "std": 0.1280718892812729,
  "min": -0.4314495921134949,
  "max": 0.4287099838256836,
  "norm": 1.7702034711837769
}