{
  "mean": 0.00014388658746611327,
  "std": 0.07976233214139938,
  "min": -0.3908582031726837,
  "max": 0.4645034372806549,
  "norm": 4.420164585113525
}