{
  "mean": 0.007575077936053276,
  "std": 0.20619425177574158,
  "min": -0.4005568027496338,
  "max": 1.595620036125183,
  "norm": 2.0111029148101807
}