{
  "mean": -0.0025645096320658922,
  "std": 0.18637524545192719,
  "min": -0.5509321093559265,
  "max": 0.49320873618125916,
  "norm": 3.64778208732605
}