{
  "mean": -0.0001264661259483546,
  "std": 0.22358864545822144,
  "min": -6.3346381187438965,
  "max": 4.542986869812012,
  "norm": 70.10221862792969
}