{
  "mean": 0.010595995001494884,
  "std": 0.09256640821695328,
  "min": -0.2537994980812073,
  "max": 0.33236163854599,
  "norm": 1.050036072731018
}