{
    "train_loss": [
        40.94487380981445,
        40.01869583129883,
        38.83189264933268,
        38.987396240234375,
        38.58157475789388,
        38.79821650187174,
        38.93199157714844,
        38.656141916910805,
        39.538543701171875
    ],
    "val_loss": [
        19.777910232543945,
        19.813993453979492,
        19.838233947753906,
        19.81186294555664,
        19.814424514770508,
        19.796985626220703,
        19.912586212158203,
        19.977842330932617,
        19.805545806884766
    ],
    "best_val_loss": 19.777910232543945,
    "training_time": 100.47143507003784
}