{
  "mean": -5.5795698165893555,
  "std": 5.748473167419434,
  "min": -17.435197830200195,
  "max": -0.007690516300499439,
  "norm": 90.45193481445312
}