{
  "mean": -1.2417634698280722e-09,
  "std": 0.10128118097782135,
  "min": -0.3457668721675873,
  "max": 0.3013851046562195,
  "norm": 1.3997337818145752,
  "quantile_25": -0.06185691058635712,
  "quantile_50": -0.008104494772851467,
  "quantile_75": 0.06929690390825272,
  "timestamp": "2025-04-28T17:18:06.326298",
  "epoch": 2,
  "batch": null
}