{
  "mean": 2.2875496635821335e-11,
  "std": 0.0010595585918053985,
  "min": -0.00509624183177948,
  "max": 0.023730933666229248,
  "norm": 0.04770367592573166,
  "quantile_25": -0.0002131142682628706,
  "quantile_50": -2.456569745845627e-06,
  "quantile_75": 0.00018303249089512974,
  "timestamp": "2025-04-28T17:18:07.695801",
  "epoch": 2,
  "batch": null
}