{
  "mean": 0.0038992969784885645,
  "std": 0.10538216680288315,
  "min": -0.41087672114372253,
  "max": 0.4381256103515625,
  "norm": 2.52870774269104,
  "quantile_25": -0.0018929886864498258,
  "quantile_50": 1.2679413075034063e-10,
  "quantile_75": 0.0034830556251108646,
  "timestamp": "2025-04-28T17:18:06.274406",
  "epoch": 2,
  "batch": null
}