{
  "mean": 6.208817349140361e-10,
  "std": 0.1478598266839981,
  "min": -0.4229164123535156,
  "max": 0.42074134945869446,
  "norm": 2.893673896789551,
  "quantile_25": -0.10327751934528351,
  "quantile_50": -0.0009513311088085175,
  "quantile_75": 0.09686953574419022,
  "timestamp": "2025-04-28T17:18:07.499501",
  "epoch": 2,
  "batch": null
}