{
  "mean": 1.7181535440613516e-05,
  "std": 0.06245245039463043,
  "min": -3.3696680068969727,
  "max": 2.171339273452759,
  "norm": 83.07209014892578,
  "quantile_25": -0.002579481340944767,
  "quantile_50": -3.1100978503673105e-07,
  "quantile_75": 0.0025532583240419626,
  "timestamp": "2025-04-28T17:18:08.927561",
  "epoch": 2,
  "batch": null
}