{
  "mean": 0.009283422492444515,
  "std": 0.2304108738899231,
  "min": -1.1156623363494873,
  "max": 1.1464264392852783,
  "norm": 6.386359691619873,
  "quantile_25": -0.08208339661359787,
  "quantile_50": 0.004238302819430828,
  "quantile_75": 0.09833365678787231,
  "timestamp": "2025-04-28T17:18:08.610547",
  "epoch": 2,
  "batch": null
}