{
  "mean": -3.923248186765704e-06,
  "std": 0.05759231001138687,
  "min": -0.8605655431747437,
  "max": 0.8206381797790527,
  "norm": 44.22927474975586,
  "quantile_25": -0.01680585741996765,
  "quantile_50": 9.569399117026478e-05,
  "quantile_75": 0.01684321090579033,
  "timestamp": "2025-04-28T17:18:07.377785",
  "epoch": 2,
  "batch": null
}