{
  "mean": 3.4997549391846405e-06,
  "std": 0.06350918859243393,
  "min": -0.8991377949714661,
  "max": 0.9441286325454712,
  "norm": 48.7729377746582,
  "quantile_25": -0.017262835055589676,
  "quantile_50": 6.298732478171587e-05,
  "quantile_75": 0.01699092425405979,
  "timestamp": "2025-04-28T17:18:07.065041",
  "epoch": 2,
  "batch": null
}