{
  "mean": -0.007834450341761112,
  "std": 0.13301829993724823,
  "min": -0.3761054277420044,
  "max": 0.34310483932495117,
  "norm": 1.2987724542617798,
  "quantile_25": -0.09552961587905884,
  "quantile_50": -0.02214999310672283,
  "quantile_75": 0.07800417393445969,
  "timestamp": "2025-04-28T17:18:06.105476",
  "epoch": 2,
  "batch": null
}