{
  "mean": 0.010415664874017239,
  "std": 0.10058654844760895,
  "min": -0.27737241983413696,
  "max": 0.5726820230484009,
  "norm": 1.9790705442428589,
  "quantile_25": -0.03589539974927902,
  "quantile_50": 0.00715671107172966,
  "quantile_75": 0.05461128056049347,
  "timestamp": "2025-04-28T17:18:08.155117",
  "epoch": 2,
  "batch": null
}