{
  "mean": 2.5602185302342484e-11,
  "std": 0.0027137743309140205,
  "min": -0.020363496616482735,
  "max": 0.03572937846183777,
  "norm": 0.17281010746955872,
  "quantile_25": -0.0004776893474627286,
  "quantile_50": 0.0,
  "quantile_75": 0.00021913807722739875,
  "timestamp": "2025-04-28T17:18:09.897024",
  "epoch": 2,
  "batch": null
}