{
  "mean": -0.0035845348611474037,
  "std": 0.1311970055103302,
  "min": -0.7574834227561951,
  "max": 0.5954298377037048,
  "norm": 4.45270299911499,
  "quantile_25": -0.002891841810196638,
  "quantile_50": 5.276579173596474e-11,
  "quantile_75": 0.0041689183562994,
  "timestamp": "2025-04-28T17:18:07.146937",
  "epoch": 2,
  "batch": null
}