{
  "mean": 1.7450816833242122e-11,
  "std": 0.0015832530334591866,
  "min": -0.024781130254268646,
  "max": 0.013362433761358261,
  "norm": 0.05039123818278313,
  "quantile_25": -0.00010570450103841722,
  "quantile_50": -1.8306934634892968e-06,
  "quantile_75": 0.00010268838377669454,
  "timestamp": "2025-04-28T17:18:06.257428",
  "epoch": 2,
  "batch": null
}