{
  "mean": 0.01593117229640484,
  "std": 0.19536297023296356,
  "min": -1.052744746208191,
  "max": 0.7978784441947937,
  "norm": 2.7089791297912598,
  "quantile_25": -0.046483296900987625,
  "quantile_50": 0.007941238582134247,
  "quantile_75": 0.08912726491689682,
  "timestamp": "2025-04-28T17:18:06.130278",
  "epoch": 2,
  "batch": null
}