{
  "mean": 0.0012309494195505977,
  "std": 0.12321782857179642,
  "min": -0.5806719064712524,
  "max": 0.6178515553474426,
  "norm": 4.180544853210449,
  "quantile_25": -0.0018949558725580573,
  "quantile_50": 0.0,
  "quantile_75": 0.0025918250903487206,
  "timestamp": "2025-04-28T17:18:07.474693",
  "epoch": 2,
  "batch": null
}