{
  "mean": -2.4835269396561444e-09,
  "std": 0.30266010761260986,
  "min": -0.8975357413291931,
  "max": 1.2434417009353638,
  "norm": 8.382101058959961,
  "quantile_25": -0.19778868556022644,
  "quantile_50": 0.021371033042669296,
  "quantile_75": 0.19922477006912231,
  "timestamp": "2025-04-28T17:18:10.302750",
  "epoch": 2,
  "batch": null
}