{
  "mean": 7.837389603082556e-06,
  "std": 0.09217508137226105,
  "min": -0.6965741515159607,
  "max": 0.7760330438613892,
  "norm": 35.394866943359375,
  "quantile_25": -0.03512565791606903,
  "quantile_50": 5.674731255567167e-06,
  "quantile_75": 0.03511542081832886,
  "timestamp": "2025-04-28T17:18:06.521522",
  "epoch": 2,
  "batch": null
}