{
  "mean": -2.3388613499264466e-06,
  "std": 0.08072689920663834,
  "min": -1.0619359016418457,
  "max": 1.2165724039077759,
  "norm": 30.9987850189209,
  "quantile_25": -0.01488485373556614,
  "quantile_50": 0.00010793279216159135,
  "quantile_75": 0.014903934672474861,
  "timestamp": "2025-04-28T17:18:06.251845",
  "epoch": 2,
  "batch": null
}