{
  "mean": 3.614025263232179e-05,
  "std": 0.12809111177921295,
  "min": -1.8350375890731812,
  "max": 1.8620660305023193,
  "norm": 21.29819679260254,
  "quantile_25": -0.004475617781281471,
  "quantile_50": 6.02062664256664e-06,
  "quantile_75": 0.004610179923474789,
  "timestamp": "2025-04-28T17:18:06.098917",
  "epoch": 2,
  "batch": null
}