{
  "mean": -0.003924275748431683,
  "std": 0.13103243708610535,
  "min": -0.6430179476737976,
  "max": 0.6735642552375793,
  "norm": 5.136032581329346,
  "quantile_25": -0.05766231194138527,
  "quantile_50": -0.003308100625872612,
  "quantile_75": 0.04590047895908356,
  "timestamp": "2025-04-28T17:18:07.279685",
  "epoch": 2,
  "batch": null
}