{
  "mean": 0.00027850345941260457,
  "std": 0.2839738428592682,
  "min": -4.015227794647217,
  "max": 3.4104201793670654,
  "norm": 54.522090911865234,
  "quantile_25": -0.03274814411997795,
  "quantile_50": -1.8862203432945535e-05,
  "quantile_75": 0.03156163915991783,
  "timestamp": "2025-04-28T17:18:06.040406",
  "epoch": 2,
  "batch": null
}