{
  "mean": 0.0,
  "std": 0.147185817360878,
  "min": -0.5212698578834534,
  "max": 0.39463067054748535,
  "norm": 2.8804831504821777,
  "quantile_25": -0.0920414999127388,
  "quantile_50": -0.00288697169162333,
  "quantile_75": 0.10182292014360428,
  "timestamp": "2025-04-28T17:18:07.171061",
  "epoch": 2,
  "batch": null
}