{
  "mean": 7.297111005755141e-05,
  "std": 0.21126164495944977,
  "min": -1.466157078742981,
  "max": 1.4710547924041748,
  "norm": 20.28001594543457,
  "quantile_25": -0.06788934767246246,
  "quantile_50": -0.0002542034781072289,
  "quantile_75": 0.06982677429914474,
  "timestamp": "2025-04-28T17:18:06.025578",
  "epoch": 2,
  "batch": null
}