{
  "mean": 8.810311555862427e-06,
  "std": 0.06877903640270233,
  "min": -0.6812913417816162,
  "max": 0.7984024882316589,
  "norm": 26.41094398498535,
  "quantile_25": -0.02633831836283207,
  "quantile_50": 4.298557905713096e-05,
  "quantile_75": 0.026361288502812386,
  "timestamp": "2025-04-28T17:18:07.168607",
  "epoch": 2,
  "batch": null
}