{
  "mean": -0.0070962426252663136,
  "std": 0.17377237975597382,
  "min": -0.9102177619934082,
  "max": 0.7299837470054626,
  "norm": 3.4036343097686768,
  "quantile_25": -0.08237964659929276,
  "quantile_50": -0.004617010708898306,
  "quantile_75": 0.07037419080734253,
  "timestamp": "2025-04-28T17:18:07.172075",
  "epoch": 2,
  "batch": null
}