{
  "mean": -0.0006957181612960994,
  "std": 0.08960026502609253,
  "min": -0.2995254397392273,
  "max": 0.26282522082328796,
  "norm": 2.4815335273742676,
  "quantile_25": -0.05760306864976883,
  "quantile_50": -0.00014411224401555955,
  "quantile_75": 0.06023317202925682,
  "timestamp": "2025-04-28T17:18:09.046068",
  "epoch": 2,
  "batch": null
}