{
  "mean": 0.011002982035279274,
  "std": 0.24530328810214996,
  "min": -1.1893043518066406,
  "max": 1.4037286043167114,
  "norm": 8.3306303024292,
  "quantile_25": -0.0020688201766461134,
  "quantile_50": 1.6484591469634324e-11,
  "quantile_75": 0.0015986436046659946,
  "timestamp": "2025-04-28T17:18:06.486732",
  "epoch": 2,
  "batch": null
}