{
  "mean": -0.00037761786370538175,
  "std": 0.09135723114013672,
  "min": -0.43172621726989746,
  "max": 0.37601229548454285,
  "norm": 1.7879114151000977,
  "quantile_25": -0.03887748345732689,
  "quantile_50": 0.0013859565369784832,
  "quantile_75": 0.03636014461517334,
  "timestamp": "2025-04-28T17:18:08.034417",
  "epoch": 2,
  "batch": null
}