{
  "mean": 5.567572316067526e-06,
  "std": 0.11542420834302902,
  "min": -1.5507092475891113,
  "max": 1.7466522455215454,
  "norm": 88.6407470703125,
  "quantile_25": -0.028697190806269646,
  "quantile_50": 3.059111986658536e-05,
  "quantile_75": 0.028689082711935043,
  "timestamp": "2025-04-28T17:18:07.273824",
  "epoch": 2,
  "batch": null
}