{
  "mean": -0.007435512263327837,
  "std": 0.18008793890476227,
  "min": -0.5017672777175903,
  "max": 0.4909956455230713,
  "norm": 3.5274009704589844,
  "quantile_25": -0.12974345684051514,
  "quantile_50": 0.0010653764475136995,
  "quantile_75": 0.1188463345170021,
  "timestamp": "2025-04-28T17:18:07.173084",
  "epoch": 2,
  "batch": null
}