{
  "mean": -1.5066729019963532e-07,
  "std": 7.080187797546387,
  "min": -27.310117721557617,
  "max": 22.835193634033203,
  "norm": 480.5668640136719,
  "quantile_25": -1.717069149017334,
  "quantile_50": -0.5895738005638123,
  "quantile_75": 0.6117334365844727,
  "timestamp": "2025-04-28T17:18:06.013702",
  "epoch": 2,
  "batch": null
}