{
  "mean": 0.0007646367303095758,
  "std": 0.15613843500614166,
  "min": -0.7813861966133118,
  "max": 0.9009909629821777,
  "norm": 5.297277450561523,
  "quantile_25": -0.0021767497528344393,
  "quantile_50": -3.164224438023666e-11,
  "quantile_75": 0.0024844123981893063,
  "timestamp": "2025-04-28T17:18:06.838774",
  "epoch": 2,
  "batch": null
}