{
  "mean": 0.011920798569917679,
  "std": 0.14813849329948425,
  "min": -0.41861552000045776,
  "max": 0.42634862661361694,
  "norm": 2.9085235595703125,
  "quantile_25": -0.09171459078788757,
  "quantile_50": 0.02243463322520256,
  "quantile_75": 0.1203804761171341,
  "timestamp": "2025-04-28T17:18:07.805688",
  "epoch": 2,
  "batch": null
}