{
  "mean": 0.0,
  "std": 0.19265082478523254,
  "min": -0.43194788694381714,
  "max": 0.5735124349594116,
  "norm": 2.662487268447876,
  "quantile_25": -0.13088089227676392,
  "quantile_50": 0.00016267085447907448,
  "quantile_75": 0.10733741521835327,
  "timestamp": "2025-04-28T17:18:06.209890",
  "epoch": 2,
  "batch": null
}