{
  "mean": 0.0010647500166669488,
  "std": 0.34329336881637573,
  "min": -0.9462646245956421,
  "max": 0.8692564964294434,
  "norm": 3.3460259437561035,
  "quantile_25": -0.210347980260849,
  "quantile_50": 0.00672151381149888,
  "quantile_75": 0.2110755443572998,
  "timestamp": "2025-04-28T17:18:06.016172",
  "epoch": 2,
  "batch": null
}