{
  "mean": 2.617622611722492e-11,
  "std": 0.0006712533067911863,
  "min": -0.004258959554135799,
  "max": 0.006518787704408169,
  "norm": 0.021364418789744377,
  "quantile_25": -0.00012652980512939394,
  "quantile_50": -1.0169557072003954e-06,
  "quantile_75": 8.151668589562178e-05,
  "timestamp": "2025-04-28T17:18:06.131839",
  "epoch": 2,
  "batch": null
}