{
  "mean": -1.847005114541389e-05,
  "std": 0.0872245654463768,
  "min": -1.6536483764648438,
  "max": 1.5901172161102295,
  "norm": 58.0133056640625,
  "quantile_25": -0.0009975070133805275,
  "quantile_50": 5.498878241638749e-09,
  "quantile_75": 0.0009951634565368295,
  "timestamp": "2025-04-28T17:18:06.482230",
  "epoch": 2,
  "batch": null
}