{
  "mean": -0.0004624372813850641,
  "std": 0.061553798615932465,
  "min": -0.42389774322509766,
  "max": 0.33195924758911133,
  "norm": 3.411198616027832,
  "quantile_25": -0.018675848841667175,
  "quantile_50": -0.0002194676926592365,
  "quantile_75": 0.016835713759064674,
  "timestamp": "2025-04-28T17:18:09.472913",
  "epoch": 2,
  "batch": null
}