{
  "mean": 1.2935035854921839e-11,
  "std": 0.06315296143293381,
  "min": -0.7548843622207642,
  "max": 0.850782573223114,
  "norm": 48.49960708618164,
  "quantile_25": -0.022804975509643555,
  "quantile_50": 1.7327799923805287e-06,
  "quantile_75": 0.022908508777618408,
  "timestamp": "2025-04-28T17:18:09.037203",
  "epoch": 2,
  "batch": null
}