{
  "mean": 9.184640895054663e-13,
  "std": 0.0023808740079402924,
  "min": -0.02209709770977497,
  "max": 0.018022000789642334,
  "norm": 0.05355643853545189,
  "quantile_25": -0.0006053054239600897,
  "quantile_50": -1.6215697542065755e-05,
  "quantile_75": 0.0005504555301740766,
  "timestamp": "2025-04-28T17:18:06.019288",
  "epoch": 2,
  "batch": null
}