{
  "mean": 0.0009700036607682705,
  "std": 0.08727183938026428,
  "min": -0.4688979983329773,
  "max": 0.3939726948738098,
  "norm": 2.4171226024627686,
  "quantile_25": -0.03277333080768585,
  "quantile_50": 0.0008859852096065879,
  "quantile_75": 0.037244975566864014,
  "timestamp": "2025-04-28T17:18:09.044886",
  "epoch": 2,
  "batch": null
}