{
  "mean": 0.02208123542368412,
  "std": 0.4806060194969177,
  "min": -1.4966447353363037,
  "max": 1.4448442459106445,
  "norm": 13.32433032989502,
  "quantile_25": -0.28560322523117065,
  "quantile_50": 0.020552653819322586,
  "quantile_75": 0.34635332226753235,
  "timestamp": "2025-04-28T17:18:06.392189",
  "epoch": 2,
  "batch": null
}