{
  "mean": 3.87148538720794e-05,
  "std": 0.1119876280426979,
  "min": -1.8886288404464722,
  "max": 1.6318354606628418,
  "norm": 86.00132751464844,
  "quantile_25": -0.028257619589567184,
  "quantile_50": -1.0120536899194121e-05,
  "quantile_75": 0.028231661766767502,
  "timestamp": "2025-04-28T17:18:07.915125",
  "epoch": 2,
  "batch": null
}