{
  "mean": -0.018106793984770775,
  "std": 0.2605060636997223,
  "min": -1.1354986429214478,
  "max": 1.0892887115478516,
  "norm": 5.110536098480225,
  "quantile_25": -0.12423533946275711,
  "quantile_50": -0.004108654800802469,
  "quantile_75": 0.08367539197206497,
  "timestamp": "2025-04-28T17:18:06.128818",
  "epoch": 2,
  "batch": null
}