{
  "mean": 0.0005235571879893541,
  "std": 0.1295296847820282,
  "min": -1.3867212533950806,
  "max": 1.464017391204834,
  "norm": 24.86952781677246,
  "quantile_25": -0.015292266383767128,
  "quantile_50": -3.3306475870631402e-06,
  "quantile_75": 0.015019831247627735,
  "timestamp": "2025-04-28T17:18:06.090940",
  "epoch": 2,
  "batch": null
}