{
  "mean": 3.203143306151901e-11,
  "std": 0.0015039651188999414,
  "min": -0.03217050060629845,
  "max": 0.02765616588294506,
  "norm": 0.06771183758974075,
  "quantile_25": -0.00023033820616547018,
  "quantile_50": -1.8422756653535544e-08,
  "quantile_75": 0.00021728455612901598,
  "timestamp": "2025-04-28T17:18:06.408629",
  "epoch": 2,
  "batch": null
}