{
  "mean": -0.012061984278261662,
  "std": 0.7129356861114502,
  "min": -4.832253932952881,
  "max": 4.19041109085083,
  "norm": 27.9361629486084,
  "quantile_25": -0.3053438365459442,
  "quantile_50": -0.02002447471022606,
  "quantile_75": 0.27853816747665405,
  "timestamp": "2025-04-28T17:18:08.608106",
  "epoch": 2,
  "batch": null
}