{
  "mean": 0.007575077936053276,
  "std": 0.20619425177574158,
  "min": -0.4005568027496338,
  "max": 1.595620036125183,
  "norm": 2.0111029148101807,
  "quantile_25": -0.046261951327323914,
  "quantile_50": -0.010212071239948273,
  "quantile_75": 0.02767612226307392,
  "timestamp": "2025-04-28T17:18:06.015524",
  "epoch": 2,
  "batch": null
}