{
  "mean": 0.0021882213186472654,
  "std": 0.7133093476295471,
  "min": -2.513363838195801,
  "max": 3.1784939765930176,
  "norm": 27.94693374633789,
  "quantile_25": -0.45532262325286865,
  "quantile_50": 0.0017193853855133057,
  "quantile_75": 0.4886856973171234,
  "timestamp": "2025-04-28T17:18:08.609306",
  "epoch": 2,
  "batch": null
}