{
  "mean": 2.3562241040053777e-05,
  "std": 0.20172636210918427,
  "min": -4.535151958465576,
  "max": 5.095504283905029,
  "norm": 33.54182815551758,
  "quantile_25": -0.007477347273379564,
  "quantile_50": -1.2709702446045412e-07,
  "quantile_75": 0.007523548789322376,
  "timestamp": "2025-04-28T17:18:06.022828",
  "epoch": 2,
  "batch": null
}