{
  "mean": 7.158765947679058e-05,
  "std": 0.14792057871818542,
  "min": -0.4297245442867279,
  "max": 0.4026554226875305,
  "norm": 4.096625804901123,
  "quantile_25": -0.10890403389930725,
  "quantile_50": 0.001210855320096016,
  "quantile_75": 0.10525478422641754,
  "timestamp": "2025-04-28T17:18:09.895519",
  "epoch": 2,
  "batch": null
}