{
  "mean": 8.993770848064742e-07,
  "std": 0.18888235092163086,
  "min": -5.471356391906738,
  "max": 5.82849645614624,
  "norm": 290.0240173339844,
  "quantile_25": -0.04628194123506546,
  "quantile_50": -9.262607818527613e-07,
  "quantile_75": 0.04623538628220558,
  "timestamp": "2025-04-28T17:18:10.708736",
  "epoch": 2,
  "batch": null
}