{
  "mean": -0.012145273387432098,
  "std": 0.1330021470785141,
  "min": -0.5308499932289124,
  "max": 0.5062160491943359,
  "norm": 2.6137614250183105,
  "quantile_25": -0.06939586251974106,
  "quantile_50": -0.0024711093865334988,
  "quantile_75": 0.04638087749481201,
  "timestamp": "2025-04-28T17:18:07.072023",
  "epoch": 2,
  "batch": null
}