{
  "mean": 0.0010647674789652228,
  "std": 0.252577006816864,
  "min": -0.6266909241676331,
  "max": 0.6686434745788574,
  "norm": 2.461838483810425,
  "quantile_25": -0.1402675062417984,
  "quantile_50": -0.0005186740309000015,
  "quantile_75": 0.17944788932800293,
  "timestamp": "2025-04-28T17:18:06.028300",
  "epoch": 2,
  "batch": null
}