{
  "mean": 0.002580242231488228,
  "std": 0.28719350695610046,
  "min": -0.7492352724075317,
  "max": 0.8417575359344482,
  "norm": 2.799330234527588,
  "quantile_25": -0.20735934376716614,
  "quantile_50": 0.020258110016584396,
  "quantile_75": 0.20466092228889465,
  "timestamp": "2025-04-28T17:18:06.018312",
  "epoch": 2,
  "batch": null
}