{
  "mean": 0.012782947160303593,
  "std": 0.15282723307609558,
  "min": -0.6837857961654663,
  "max": 0.9010612964630127,
  "norm": 4.247313499450684,
  "quantile_25": -0.0481332428753376,
  "quantile_50": 0.00522182323038578,
  "quantile_75": 0.07224315404891968,
  "timestamp": "2025-04-28T17:18:09.893889",
  "epoch": 2,
  "batch": null
}