{
  "mean": -2.029567440331448e-05,
  "std": 0.08455749601125717,
  "min": -0.9456995129585266,
  "max": 1.1342039108276367,
  "norm": 16.23480987548828,
  "quantile_25": -0.029701346531510353,
  "quantile_50": 0.00011822801025118679,
  "quantile_75": 0.030005324631929398,
  "timestamp": "2025-04-28T17:18:06.279817",
  "epoch": 2,
  "batch": null
}