{
  "mean": 0.004907242488116026,
  "std": 0.1669534146785736,
  "min": -0.4937434196472168,
  "max": 0.6797221899032593,
  "norm": 2.3083436489105225,
  "quantile_25": -0.05423925071954727,
  "quantile_50": 0.0011884858831763268,
  "quantile_75": 0.06997089087963104,
  "timestamp": "2025-04-28T17:18:06.211072",
  "epoch": 2,
  "batch": null
}