{
  "mean": 3.725290298461914e-09,
  "std": 0.30849677324295044,
  "min": -0.9032490253448486,
  "max": 0.7888621091842651,
  "norm": 6.0374016761779785,
  "quantile_25": -0.2124755084514618,
  "quantile_50": 0.0007274316158145666,
  "quantile_75": 0.20550546050071716,
  "timestamp": "2025-04-28T17:18:06.530046",
  "epoch": 2,
  "batch": null
}