{
  "mean": 0.004645707551389933,
  "std": 0.18245559930801392,
  "min": -0.5995467305183411,
  "max": 0.5139011144638062,
  "norm": 5.0547051429748535,
  "quantile_25": -0.11527396738529205,
  "quantile_50": 0.008202288299798965,
  "quantile_75": 0.12405474483966827,
  "timestamp": "2025-04-28T17:18:11.130022",
  "epoch": 2,
  "batch": null
}