{
  "mean": -4.643026477424428e-05,
  "std": 0.07069152593612671,
  "min": -1.3428040742874146,
  "max": 1.149472713470459,
  "norm": 47.01719284057617,
  "quantile_25": -0.0030342708341777325,
  "quantile_50": -2.0519632926152553e-06,
  "quantile_75": 0.0030230346601456404,
  "timestamp": "2025-04-28T17:18:07.142203",
  "epoch": 2,
  "batch": null
}