{
  "mean": 0.01474184263497591,
  "std": 0.13473214209079742,
  "min": -0.4648473560810089,
  "max": 0.6472131013870239,
  "norm": 1.8732060194015503,
  "quantile_25": -0.04744235426187515,
  "quantile_50": 0.001218810910359025,
  "quantile_75": 0.07513328641653061,
  "timestamp": "2025-04-28T17:18:06.255274",
  "epoch": 2,
  "batch": null
}