{
  "mean": -0.013713919557631016,
  "std": 0.28568390011787415,
  "min": -0.9334731101989746,
  "max": 0.6288622617721558,
  "norm": 5.5973992347717285,
  "quantile_25": -0.20018233358860016,
  "quantile_50": 0.0006635561585426331,
  "quantile_75": 0.18617406487464905,
  "timestamp": "2025-04-28T17:18:06.395494",
  "epoch": 2,
  "batch": null
}