{
  "mean": -0.0004500444629229605,
  "std": 0.1982315480709076,
  "min": -0.9720357060432434,
  "max": 1.050034761428833,
  "norm": 3.3582639694213867,
  "quantile_25": -0.010456771589815617,
  "quantile_50": 7.639755494892597e-11,
  "quantile_75": 0.01143486425280571,
  "timestamp": "2025-04-28T17:18:06.024007",
  "epoch": 2,
  "batch": null
}