{
  "mean": -4.0421985203487054e-11,
  "std": 0.1695072054862976,
  "min": -4.434708595275879,
  "max": 3.3993570804595947,
  "norm": 184.08963012695312,
  "quantile_25": -0.06597219407558441,
  "quantile_50": -3.10799696308095e-05,
  "quantile_75": 0.06581096351146698,
  "timestamp": "2025-04-28T17:18:08.598906",
  "epoch": 2,
  "batch": null
}