{
  "mean": -3.1044086745701804e-10,
  "std": 0.17493632435798645,
  "min": -0.47505199909210205,
  "max": 0.5011290907859802,
  "norm": 3.4235713481903076,
  "quantile_25": -0.11974362283945084,
  "quantile_50": -0.002544799819588661,
  "quantile_75": 0.11973047256469727,
  "timestamp": "2025-04-28T17:18:07.070608",
  "epoch": 2,
  "batch": null
}