{
  "mean": -2.4835269396561444e-09,
  "std": 0.1792702078819275,
  "min": -0.5213984847068787,
  "max": 0.5929144620895386,
  "norm": 3.508387565612793,
  "quantile_25": -0.12134195119142532,
  "quantile_50": -0.00945121981203556,
  "quantile_75": 0.12813341617584229,
  "timestamp": "2025-04-28T17:18:06.863220",
  "epoch": 2,
  "batch": null
}