{
  "mean": -1.2066243471053895e-05,
  "std": 0.060529548674821854,
  "min": -1.3874717950820923,
  "max": 1.3835878372192383,
  "norm": 40.25843811035156,
  "quantile_25": -0.0037233196198940277,
  "quantile_50": 1.2892353424831526e-06,
  "quantile_75": 0.0037763637956231833,
  "timestamp": "2025-04-28T17:18:08.113537",
  "epoch": 2,
  "batch": null
}