{
  "mean": -2.185917225006051e-07,
  "std": 0.07286740839481354,
  "min": -1.2592746019363403,
  "max": 1.2142837047576904,
  "norm": 48.46446990966797,
  "quantile_25": -0.0022924875374883413,
  "quantile_50": -1.470712959417142e-06,
  "quantile_75": 0.0022785901091992855,
  "timestamp": "2025-04-28T17:18:07.469917",
  "epoch": 2,
  "batch": null
}