{
  "mean": 0.0005049098981544375,
  "std": 0.10392842441797256,
  "min": -0.4544937014579773,
  "max": 0.4896848797798157,
  "norm": 1.760680079460144,
  "quantile_25": -0.0028132381848990917,
  "quantile_50": -1.1823431123048067e-10,
  "quantile_75": 0.003274967661127448,
  "timestamp": "2025-04-28T17:18:06.099954",
  "epoch": 2,
  "batch": null
}