{
  "mean": 0.013117180205881596,
  "std": 0.14036579430103302,
  "min": -0.3934284746646881,
  "max": 0.3758658766746521,
  "norm": 1.948390007019043,
  "quantile_25": -0.08387137949466705,
  "quantile_50": 0.02507483959197998,
  "quantile_75": 0.11427111178636551,
  "timestamp": "2025-04-28T17:18:06.256249",
  "epoch": 2,
  "batch": null
}