{
  "mean": 2.3513873657066142e-06,
  "std": 0.07350364327430725,
  "min": -1.2850323915481567,
  "max": 1.2788807153701782,
  "norm": 48.8874626159668,
  "quantile_25": -0.0020953353960067034,
  "quantile_50": -1.2820535744140216e-07,
  "quantile_75": 0.00209341524168849,
  "timestamp": "2025-04-28T17:18:06.830738",
  "epoch": 2,
  "batch": null
}