{
  "mean": 0.007353442255407572,
  "std": 0.13056205213069916,
  "min": -0.311217725276947,
  "max": 0.3189958333969116,
  "norm": 1.8072779178619385,
  "quantile_25": -0.0819060206413269,
  "quantile_50": 0.0034004123881459236,
  "quantile_75": 0.09966886043548584,
  "timestamp": "2025-04-28T17:18:06.282841",
  "epoch": 2,
  "batch": null
}