{
  "mean": -1.0224096513411496e-05,
  "std": 0.07033494859933853,
  "min": -0.619228720664978,
  "max": 0.6235723495483398,
  "norm": 27.008447647094727,
  "quantile_25": -0.030891265720129013,
  "quantile_50": 6.958640733500943e-05,
  "quantile_75": 0.030843408778309822,
  "timestamp": "2025-04-28T17:18:07.496661",
  "epoch": 2,
  "batch": null
}