{
  "mean": -0.001990529242902994,
  "std": 0.1280718892812729,
  "min": -0.4314495921134949,
  "max": 0.4287099838256836,
  "norm": 1.7702034711837769,
  "quantile_25": -0.05040411651134491,
  "quantile_50": 0.004494613967835903,
  "quantile_75": 0.05177305266261101,
  "timestamp": "2025-04-28T17:18:06.282010",
  "epoch": 2,
  "batch": null
}