{
  "mean": -0.0054814815521240234,
  "std": 0.09547289460897446,
  "min": -0.43907320499420166,
  "max": 0.3866419792175293,
  "norm": 1.8715264797210693,
  "quantile_25": -0.040690504014492035,
  "quantile_50": -0.000158908951561898,
  "quantile_75": 0.019528651610016823,
  "timestamp": "2025-04-28T17:18:06.111945",
  "epoch": 2,
  "batch": null
}