{
  "mean": -1.9092536604148336e-05,
  "std": 0.06883667409420013,
  "min": -1.6589183807373047,
  "max": 2.2230470180511475,
  "norm": 45.783512115478516,
  "quantile_25": -0.0035282112658023834,
  "quantile_50": -1.5003495263954392e-06,
  "quantile_75": 0.0035292780958116055,
  "timestamp": "2025-04-28T17:18:07.768840",
  "epoch": 2,
  "batch": null
}