{
  "mean": 1.263523427041946e-05,
  "std": 0.15494404733181,
  "min": -1.9146699905395508,
  "max": 1.8558374643325806,
  "norm": 118.99036407470703,
  "quantile_25": -0.03476656228303909,
  "quantile_50": 5.2148735107948596e-08,
  "quantile_75": 0.034761618822813034,
  "timestamp": "2025-04-28T17:18:06.644825",
  "epoch": 2,
  "batch": null
}