{
  "mean": 1.226122367370408e-05,
  "std": 0.06843921542167664,
  "min": -0.6296551823616028,
  "max": 0.7222433090209961,
  "norm": 26.280370712280273,
  "quantile_25": -0.024121109396219254,
  "quantile_50": 6.892568490002304e-05,
  "quantile_75": 0.024488303810358047,
  "timestamp": "2025-04-28T17:18:06.860874",
  "epoch": 2,
  "batch": null
}