{
  "mean": 6.589779786736472e-06,
  "std": 0.07830800116062164,
  "min": -1.1330491304397583,
  "max": 1.4744406938552856,
  "norm": 60.13780212402344,
  "quantile_25": -0.020104849711060524,
  "quantile_50": 1.1195458682777826e-05,
  "quantile_75": 0.019692551344633102,
  "timestamp": "2025-04-28T17:18:06.748195",
  "epoch": 2,
  "batch": null
}