{
  "mean": -2.4848720840964234e-06,
  "std": 0.046938542276620865,
  "min": -0.6340564489364624,
  "max": 0.6325218677520752,
  "norm": 36.04668045043945,
  "quantile_25": -0.009929927065968513,
  "quantile_50": -3.7113911730557447e-06,
  "quantile_75": 0.01042896043509245,
  "timestamp": "2025-04-28T17:18:08.379205",
  "epoch": 2,
  "batch": null
}