{
  "mean": 6.208817349140361e-10,
  "std": 0.12399459630250931,
  "min": -0.37982532382011414,
  "max": 0.47852981090545654,
  "norm": 1.713639259338379,
  "quantile_25": -0.07310879975557327,
  "quantile_50": -0.0058898115530610085,
  "quantile_75": 0.09270273149013519,
  "timestamp": "2025-04-28T17:18:06.281209",
  "epoch": 2,
  "batch": null
}