{
  "mean": 0.0016338545829057693,
  "std": 0.09347545355558395,
  "min": -0.4895341396331787,
  "max": 0.5142151117324829,
  "norm": 2.589176654815674,
  "quantile_25": -0.02295185811817646,
  "quantile_50": 0.0012609183322638273,
  "quantile_75": 0.030446946620941162,
  "timestamp": "2025-04-28T17:18:06.305310",
  "epoch": 2,
  "batch": null
}