{
  "mean": -2.1639280021190643e-05,
  "std": 0.06618709862232208,
  "min": -1.1267609596252441,
  "max": 0.9771974682807922,
  "norm": 25.41546058654785,
  "quantile_25": -0.011126697063446045,
  "quantile_50": -6.995499916229164e-06,
  "quantile_75": 0.009706971235573292,
  "timestamp": "2025-04-28T17:18:06.324085",
  "epoch": 2,
  "batch": null
}