{
  "mean": -0.00233256327919662,
  "std": 0.13910801708698273,
  "min": -0.48472341895103455,
  "max": 0.566499650478363,
  "norm": 2.722781181335449,
  "quantile_25": -0.04780767112970352,
  "quantile_50": -0.001064923475496471,
  "quantile_75": 0.032124798744916916,
  "timestamp": "2025-04-28T17:18:06.048711",
  "epoch": 2,
  "batch": null
}