{
  "mean": -1.5522043372850902e-10,
  "std": 0.15390686690807343,
  "min": -0.4558887481689453,
  "max": 0.47397661209106445,
  "norm": 3.012016773223877,
  "quantile_25": -0.10994915664196014,
  "quantile_50": -0.0024043265730142593,
  "quantile_75": 0.11262250691652298,
  "timestamp": "2025-04-28T17:18:07.389274",
  "epoch": 2,
  "batch": null
}