{
  "mean": 3.7252903539730653e-10,
  "std": 0.5897995829582214,
  "min": -3.734609365463257,
  "max": 6.015580654144287,
  "norm": 21.093067169189453,
  "quantile_25": 0.0,
  "quantile_50": 6.661989259883072e-38,
  "quantile_75": 1.0886866163711749e-16,
  "timestamp": "2025-04-28T17:18:11.149577",
  "epoch": 2,
  "batch": null
}