{
  "mean": 0.010595995001494884,
  "std": 0.09256640821695328,
  "min": -0.2537994980812073,
  "max": 0.33236163854599,
  "norm": 1.050036072731018,
  "quantile_25": -0.030761074274778366,
  "quantile_50": 0.0,
  "quantile_75": 0.05564490705728531,
  "timestamp": "2025-04-28T17:18:11.148518",
  "epoch": 2,
  "batch": null
}