{
  "mean": 0.005269835703074932,
  "std": 0.02049923688173294,
  "min": -0.04246581345796585,
  "max": 0.06433561444282532,
  "norm": 0.23858433961868286,
  "quantile_25": -0.008359957486391068,
  "quantile_50": 0.002202169504016638,
  "quantile_75": 0.015855474397540092,
  "timestamp": "2025-05-01T20:01:54.284009",
  "epoch": 9,
  "batch": null
}