{
  "mean": 0.0004879130283370614,
  "std": 0.013621672056615353,
  "min": -0.03659771382808685,
  "max": 0.034839607775211334,
  "norm": 0.21766071021556854,
  "quantile_25": -0.008317476138472557,
  "quantile_50": 0.0,
  "quantile_75": 0.008120795711874962,
  "timestamp": "2025-05-01T20:01:54.272087",
  "epoch": 9,
  "batch": null
}