{
  "mean": 3.894907422363758e-06,
  "std": 0.015648802742362022,
  "min": -0.06106116250157356,
  "max": 0.05468849092721939,
  "norm": 0.24989137053489685,
  "quantile_25": -0.0064095743000507355,
  "quantile_50": 0.0,
  "quantile_75": 0.00841475185006857,
  "timestamp": "2025-05-01T20:01:54.271570",
  "epoch": 9,
  "batch": null
}