{
  "mean": -1.2223608791828156e-09,
  "std": 0.19414643943309784,
  "min": -0.5517319440841675,
  "max": 0.5056512951850891,
  "norm": 4.388740062713623,
  "quantile_25": -0.06134006381034851,
  "quantile_50": 0.014117276296019554,
  "quantile_75": 0.04580684006214142,
  "timestamp": "2025-05-01T20:01:54.284675",
  "epoch": 9,
  "batch": null
}