{
  "mean": -5.494933128356934,
  "std": 5.855148792266846,
  "min": -19.615171432495117,
  "max": 0.0,
  "norm": 90.6574935913086
}