{
    "train_loss": [
        31.306608200073242,
        31.200515747070312,
        32.97679901123047,
        32.10624313354492
    ],
    "val_loss": [
        0.0,
        0.0,
        0.0,
        0.0
    ],
    "best_val_loss": 0.0,
    "training_time": 12.961127996444702
}