{
    "train_loss": [
        4100.455078125,
        99106.75,
        12799.0615234375,
        2964.337646484375,
        356.0299072265625,
        626.9445190429688,
        2677.461181640625,
        389.2711181640625,
        270.3759765625,
        156.6859893798828,
        165.92845153808594,
        153.50270080566406,
        2495.51318359375,
        68.80770874023438,
        59.659236907958984,
        290.588623046875,
        221.77392578125,
        66.65595245361328,
        122.24127960205078,
        246.15484619140625,
        235.046875,
        90.6820068359375,
        66.29244995117188,
        89.91842651367188,
        71.07520294189453,
        71.66851043701172,
        68.83125305175781
    ],
    "val_loss": [
        129401.7265625,
        10452.8544921875,
        3339.607421875,
        658.49169921875,
        111.83849334716797,
        342.8734436035156,
        66.95738983154297,
        32.47224426269531,
        56.50246810913086,
        62.455562591552734,
        58.396583557128906,
        52.54837417602539,
        45.2437858581543,
        39.71933364868164,
        35.963077545166016,
        31.4117488861084,
        31.380979537963867,
        31.405004501342773,
        31.438600540161133,
        31.479448318481445,
        31.52979850769043,
        31.58892250061035,
        31.661855697631836,
        31.755130767822266,
        31.88088035583496,
        32.03772735595703,
        32.20954132080078
    ],
    "metrics": {
        "train": {
            "mse": [
                4100.455078125,
                99106.75,
                12799.0615234375,
                2964.337646484375,
                356.0299072265625,
                626.9445190429688,
                2677.461181640625,
                389.2711181640625,
                270.3759765625,
                156.6859893798828,
                165.92845153808594,
                153.50270080566406,
                2495.51318359375,
                68.80770874023438,
                59.659236907958984,
                290.588623046875,
                221.77392578125,
                66.65595245361328,
                122.24127960205078,
                246.15484619140625,
                235.046875,
                90.6820068359375,
                66.29244995117188,
                89.91842651367188,
                71.07520294189453,
                71.66851043701172,
                68.83125305175781
            ],
            "mae": [
                58.06929016113281,
                308.9208679199219,
                109.79264831542969,
                47.84701156616211,
                14.515674591064453,
                18.44398307800293,
                41.580753326416016,
                14.610058784484863,
                12.75553035736084,
                8.966144561767578,
                9.788774490356445,
                9.238088607788086,
                25.071613311767578,
                7.152246475219727,
                6.727468490600586,
                12.71661376953125,
                11.21634578704834,
                5.506008625030518,
                8.103652000427246,
                11.142365455627441,
                10.785274505615234,
                7.575387954711914,
                5.584578514099121,
                6.797572135925293,
                6.325366497039795,
                5.910728931427002,
                6.809100151062012
            ],
            "r2": [
                0.0,
                0.0,
                0.0,
                0.0,
                0.0,
                0.0,
                0.0,
                0.0,
                0.0,
                0.0,
                0.0,
                0.0,
                0.0,
                0.0,
                0.0,
                0.0,
                0.0,
                0.0,
                0.0,
                0.0,
                0.0,
                0.0,
                0.0,
                0.0,
                0.0,
                0.0,
                0.0
            ]
        },
        "val": {
            "mse": [
                129401.7265625,
                10452.8544921875,
                3339.607421875,
                658.49169921875,
                111.83849334716797,
                342.8734436035156,
                66.95738983154297,
                32.47224426269531,
                56.50246810913086,
                62.455562591552734,
                58.396583557128906,
                52.54837417602539,
                45.2437858581543,
                39.71933364868164,
                35.963077545166016,
                31.4117488861084,
                31.380979537963867,
                31.405004501342773,
                31.438600540161133,
                31.479448318481445,
                31.52979850769043,
                31.58892250061035,
                31.661855697631836,
                31.755130767822266,
                31.88088035583496,
                32.03772735595703,
                32.20954132080078
            ],
            "mae": [
                359.68206787109375,
                102.08650970458984,
                57.5174446105957,
                25.042842864990234,
                8.971653938293457,
                17.65016746520996,
                5.967335224151611,
                4.675498008728027,
                7.500873565673828,
                7.902300834655762,
                7.633307456970215,
                7.207278251647949,
                6.5810770988464355,
                5.985096454620361,
                5.4529242515563965,
                4.099050045013428,
                4.050205707550049,
                4.090542316436768,
                4.134652614593506,
                4.178400039672852,
                4.223830223083496,
                4.269754886627197,
                4.319218635559082,
                4.374733924865723,
                4.4403157234191895,
                4.512048721313477,
                4.581775665283203
            ],
            "r2": [
                -4127.0498046875,
                -332.4570007324219,
                -105.5369644165039,
                -20.006572723388672,
                -2.5677645206451416,
                -9.938020706176758,
                -1.1360106468200684,
                -0.035898447036743164,
                -0.8024877309799194,
                -0.9923974275588989,
                -0.8629121780395508,
                -0.6763479709625244,
                -0.44332408905029297,
                -0.26708805561065674,
                -0.14725959300994873,
                -0.00206756591796875,
                -0.0010859966278076172,
                -0.0018523931503295898,
                -0.002924203872680664,
                -0.004227280616760254,
                -0.0058335065841674805,
                -0.007719516754150391,
                -0.01004636287689209,
                -0.01302182674407959,
                -0.01703333854675293,
                -0.022037029266357422,
                -0.027518033981323242
            ]
        }
    },
    "best_val_loss": 31.380979537963867,
    "training_time": 208.67126393318176
}