{
  "mean": 0.00038392734131775796,
  "std": 0.01763765886425972,
  "min": -0.05701592564582825,
  "max": 0.05335012450814247,
  "norm": 0.28171783685684204,
  "quantile_25": -0.011226511560380459,
  "quantile_50": -0.0015560402534902096,
  "quantile_75": 0.012377764098346233,
  "timestamp": "2025-04-29T22:15:13.451775",
  "epoch": 9,
  "batch": null
}