{
  "mean": -0.0002792379236780107,
  "std": 0.043111931532621384,
  "min": -0.5321445465087891,
  "max": 0.388521671295166,
  "norm": 7.804125785827637,
  "quantile_25": -0.009655616246163845,
  "quantile_50": 3.4904856875073165e-05,
  "quantile_75": 0.010606130585074425,
  "timestamp": "2025-04-29T22:15:13.454707",
  "epoch": 9,
  "batch": null
}