{
  "mean": -5.9052123106084764e-05,
  "std": 0.0057866512797772884,
  "min": -0.019531941041350365,
  "max": 0.01793554611504078,
  "norm": 0.13081586360931396,
  "quantile_25": -0.004011654760688543,
  "quantile_50": -0.00012916067498736084,
  "quantile_75": 0.0037230385933071375,
  "timestamp": "2025-04-29T22:15:13.438395",
  "epoch": 9,
  "batch": null
}