{
  "mean": 0.47042834758758545,
  "std": 2.5599968433380127,
  "min": -2.5235867500305176,
  "max": 6.239814281463623,
  "norm": 29.336528778076172,
  "quantile_25": -1.3702583312988281,
  "quantile_50": -0.7065333127975464,
  "quantile_75": 2.570099353790283,
  "timestamp": "2025-04-29T22:15:13.459655",
  "epoch": 9,
  "batch": null
}