{
  "mean": -4.989555835723877,
  "std": 5.641432285308838,
  "min": -17.64791488647461,
  "max": 0.0,
  "norm": 85.02068328857422
}