{
    "train_loss": [
        3684.992431640625,
        302258.40625,
        21997.212890625,
        56527.22265625
    ],
    "val_loss": [
        427448.9375,
        35822.7578125,
        66317.4296875,
        5339.5859375
    ],
    "best_val_loss": 5339.5859375,
    "training_time": 18.11546516418457
}