{
  "mean": -4.540333520708373e-06,
  "std": 0.07819809764623642,
  "min": -0.36950746178627014,
  "max": 0.35675710439682007,
  "norm": 3.0637288093566895
}