{
  "mean": -2.096606522172806e-06,
  "std": 0.041224341839551926,
  "min": -0.6842788457870483,
  "max": 0.7424724102020264,
  "norm": 27.418493270874023
}