{
  "mean": -0.004805381875485182,
  "std": 0.08018022030591965,
  "min": -0.33176612854003906,
  "max": 0.2367062270641327,
  "norm": 1.1101113557815552
}