{
  "mean": 8.925174488361165e-10,
  "std": 0.07449658215045929,
  "min": -0.20398446917533875,
  "max": 0.1808880865573883,
  "norm": 1.4579267501831055
}