{
  "mean": 0.002620650688186288,
  "std": 0.05116938054561615,
  "min": -0.23982593417167664,
  "max": 0.20052000880241394,
  "norm": 1.0027203559875488
}