{
  "mean": 5.432714833553121e-10,
  "std": 0.09124588966369629,
  "min": -0.24740037322044373,
  "max": 0.22661623358726501,
  "norm": 1.785717248916626
}