{
  "mean": -6.888480671290997e-12,
  "std": 0.00222609331831336,
  "min": -0.022319743409752846,
  "max": 0.019129330292344093,
  "norm": 0.1417551189661026
}