{
  "mean": 0.00012618297478184104,
  "std": 0.095035120844841,
  "min": -1.9543299674987793,
  "max": 2.0549373626708984,
  "norm": 15.801872253417969
}