{
  "mean": -0.005348810460418463,
  "std": 0.07551194727420807,
  "min": -0.33318617939949036,
  "max": 0.331699013710022,
  "norm": 2.0965323448181152
}