{
  "mean": 0.001570898457430303,
  "std": 0.06502401828765869,
  "min": -0.30675166845321655,
  "max": 0.35632890462875366,
  "norm": 1.5596768856048584
}