{
  "mean": 0.023866644129157066,
  "std": 0.2272700071334839,
  "min": -0.9950871467590332,
  "max": 0.9464767575263977,
  "norm": 6.328845500946045
}