{
  "mean": -2.2403737602871843e-05,
  "std": 0.044977568089962006,
  "min": -0.7071805596351624,
  "max": 0.6960508227348328,
  "norm": 14.957376480102539
}