{
  "mean": -1.0896839739871211e-05,
  "std": 0.05635922774672508,
  "min": -0.4630400240421295,
  "max": 0.48618578910827637,
  "norm": 21.641769409179688
}