{
  "mean": -2.2303187506622635e-05,
  "std": 0.0574263259768486,
  "min": -0.7600491046905518,
  "max": 0.7691131830215454,
  "norm": 19.09725570678711
}