{
  "mean": 2.3315626094699837e-05,
  "std": 0.04220711439847946,
  "min": -1.8315870761871338,
  "max": 1.4558624029159546,
  "norm": 56.14328384399414
}