{
  "mean": -0.003602231852710247,
  "std": 0.08249303698539734,
  "min": -0.24734872579574585,
  "max": 0.29888802766799927,
  "norm": 1.615963101387024
}