{
  "mean": -3.1044086745701804e-10,
  "std": 0.12892694771289825,
  "min": -0.3725070655345917,
  "max": 0.33222365379333496,
  "norm": 2.5231499671936035
}