{
  "mean": -7.259400831571838e-07,
  "std": 0.04086107388138771,
  "min": -0.5337541103363037,
  "max": 0.4811588227748871,
  "norm": 31.379863739013672
}