{
  "mean": 2.518346627766732e-05,
  "std": 0.08012308180332184,
  "min": -1.1456103324890137,
  "max": 1.527124047279358,
  "norm": 61.53123474121094
}