{
  "mean": 0.001980455359444022,
  "std": 0.06756529957056046,
  "min": -0.29926541447639465,
  "max": 0.4072641432285309,
  "norm": 2.6482837200164795
}