{
  "mean": 2.1555203802425815e-11,
  "std": 0.0007833907729946077,
  "min": -0.01037962269037962,
  "max": 0.013269705697894096,
  "norm": 0.03526998683810234
}