{
  "mean": 1.9287745012253055e-11,
  "std": 0.0010257676476612687,
  "min": -0.010195652022957802,
  "max": 0.009970275685191154,
  "norm": 0.03264778107404709
}