{
  "mean": -5.18932188886545e-11,
  "std": 0.0012400418054312468,
  "min": -0.009375570341944695,
  "max": 0.006272944156080484,
  "norm": 0.027894049882888794
}