{
  "mean": 1.0431621433326654e-07,
  "std": 0.07980239391326904,
  "min": -0.7497639656066895,
  "max": 0.7371848225593567,
  "norm": 43.33667755126953
}