{
  "mean": -8.06072148407111e-06,
  "std": 0.21116207540035248,
  "min": -4.4196038246154785,
  "max": 4.1875691413879395,
  "norm": 324.2370300292969
}