{
  "mean": 4.613579221768305e-06,
  "std": 0.04790190979838371,
  "min": -2.370668888092041,
  "max": 2.307661294937134,
  "norm": 63.717647552490234
}