{
  "mean": 0.004169692285358906,
  "std": 0.10519927740097046,
  "min": -0.23772849142551422,
  "max": 0.31873074173927307,
  "norm": 2.060411214828491
}