{
  "mean": -1.9064149228142924e-06,
  "std": 0.04209964722394943,
  "min": -0.34770727157592773,
  "max": 0.35188397765159607,
  "norm": 16.166154861450195
}