{
  "mean": -6.1943815126142e-06,
  "std": 0.06926603615283966,
  "min": -0.18302662670612335,
  "max": 0.13103511929512024,
  "norm": 0.6751218438148499
}