{
  "mean": -0.013432455249130726,
  "std": 0.08907253295183182,
  "min": -0.26424574851989746,
  "max": 0.2398705929517746,
  "norm": 0.8780907988548279
}