{
  "mean": 0.009354573674499989,
  "std": 0.08946479856967926,
  "min": -0.38828691840171814,
  "max": 0.36336246132850647,
  "norm": 1.7604306936264038
}