{
  "mean": 1.380212779622525e-05,
  "std": 0.09263083338737488,
  "min": -1.9845376014709473,
  "max": 1.8785477876663208,
  "norm": 71.13602447509766
}