{
  "mean": -0.005975124891847372,
  "std": 0.15342560410499573,
  "min": -1.0592604875564575,
  "max": 0.6083317399024963,
  "norm": 3.004880428314209
}