{
  "mean": 0.00451870821416378,
  "std": 0.27840283513069153,
  "min": -0.8434452414512634,
  "max": 0.8408780097961426,
  "norm": 7.711317539215088
}