{
  "mean": 0.007762605790048838,
  "std": 0.12729372084140778,
  "min": -0.41911986470222473,
  "max": 0.593915581703186,
  "norm": 2.4958271980285645
}