{
  "mean": 5.432714833553121e-10,
  "std": 0.08107353746891022,
  "min": -0.2634964883327484,
  "max": 0.1804652214050293,
  "norm": 1.5866403579711914
}