{
  "mean": -1.2417634698280722e-09,
  "std": 0.09203456342220306,
  "min": -0.25255975127220154,
  "max": 0.41504228115081787,
  "norm": 0.8970419764518738
}