{
  "mean": -2.3765258858055027e-11,
  "std": 0.002026256173849106,
  "min": -0.014969986863434315,
  "max": 0.014881719835102558,
  "norm": 0.12902973592281342
}