{
  "mean": -0.00042314393795095384,
  "std": 0.06162923946976662,
  "min": -0.48713764548301697,
  "max": 0.8128212094306946,
  "norm": 11.832904815673828
}