{
  "mean": 0.00045535212848335505,
  "std": 0.08386295288801193,
  "min": -0.38533154129981995,
  "max": 0.3610576391220093,
  "norm": 4.6474690437316895
}