{
  "mean": -0.007768599316477776,
  "std": 0.12964878976345062,
  "min": -0.5620092153549194,
  "max": 0.5223901271820068,
  "norm": 2.541839599609375
}