{
  "mean": -0.002932719886302948,
  "std": 0.06817900389432907,
  "min": -0.19942961633205414,
  "max": 0.18185099959373474,
  "norm": 1.3355263471603394
}