{
  "mean": 1.9402553175229542e-10,
  "std": 0.0744125172495842,
  "min": -0.2030981183052063,
  "max": 0.222841277718544,
  "norm": 1.4562816619873047
}