{
  "mean": -1.3891768811669092e-11,
  "std": 0.0005335340392775834,
  "min": -0.005195095669478178,
  "max": 0.0026260013692080975,
  "norm": 0.024020882323384285
}