{
  "mean": 5.432714833553121e-10,
  "std": 0.07182779908180237,
  "min": -0.20735928416252136,
  "max": 0.19519877433776855,
  "norm": 1.4056978225708008
}