{
  "mean": -0.001884866040199995,
  "std": 0.060553498566150665,
  "min": -0.3074754774570465,
  "max": 0.39051422476768494,
  "norm": 2.0553576946258545
}