{
  "mean": -0.010478147305548191,
  "std": 0.12981751561164856,
  "min": -0.30030688643455505,
  "max": 0.8700955510139465,
  "norm": 1.2694628238677979
}