{
  "mean": 1.5522043372850902e-10,
  "std": 0.08152524381875992,
  "min": -0.19787746667861938,
  "max": 0.338626503944397,
  "norm": 1.1267012357711792
}