{
  "mean": -1.4058357010071632e-05,
  "std": 0.04841246083378792,
  "min": -0.7809739112854004,
  "max": 0.6693098545074463,
  "norm": 32.19930648803711
}