{
  "mean": -0.0018363523995503783,
  "std": 0.08793599903583527,
  "min": -0.21853835880756378,
  "max": 0.2942558825016022,
  "norm": 1.2155660390853882
}