{
  "mean": -0.013687138445675373,
  "std": 0.5089558959007263,
  "min": -2.255115509033203,
  "max": 1.8923969268798828,
  "norm": 19.947635650634766
}