{
  "mean": 0.023349376395344734,
  "std": 0.19905799627304077,
  "min": -0.21216356754302979,
  "max": 1.5481345653533936,
  "norm": 1.9536190032958984
}