{
  "mean": 0.017530662938952446,
  "std": 0.2686777710914612,
  "min": -1.1746717691421509,
  "max": 1.3521647453308105,
  "norm": 7.456811428070068
}