{
  "mean": -0.0018149480456486344,
  "std": 0.10596847534179688,
  "min": -0.38990652561187744,
  "max": 0.3925829529762268,
  "norm": 2.0741488933563232
}