{
  "mean": 3.7554826121777296e-05,
  "std": 0.18122072517871857,
  "min": -4.618919849395752,
  "max": 4.345487117767334,
  "norm": 278.2550354003906
}