{
  "mean": -0.0005915419314987957,
  "std": 0.12102502584457397,
  "min": -0.37187445163726807,
  "max": 0.2512427568435669,
  "norm": 1.1796202659606934
}