{
  "mean": -0.002356460550799966,
  "std": 0.09113030135631561,
  "min": -0.402837336063385,
  "max": 0.43569082021713257,
  "norm": 1.544363021850586
}