{
  "mean": -0.00031086491071619093,
  "std": 0.07015401870012283,
  "min": -0.7458425760269165,
  "max": 0.648543119430542,
  "norm": 13.469499588012695
}