{
  "mean": 0.00874366145581007,
  "std": 0.09632235020399094,
  "min": -0.3409329056739807,
  "max": 0.2580697536468506,
  "norm": 1.892836332321167
}