{
  "mean": 3.6864852837048545e-10,
  "std": 0.07747101038694382,
  "min": -0.23075523972511292,
  "max": 0.1883118599653244,
  "norm": 1.5161375999450684
}