{
  "mean": 2.057361825791304e-06,
  "std": 0.04919521510601044,
  "min": -0.9012658596038818,
  "max": 1.034012794494629,
  "norm": 37.77980422973633
}