{
  "mean": 0.0043138242326676846,
  "std": 0.1605963110923767,
  "min": -0.4608296751976013,
  "max": 0.4609101712703705,
  "norm": 3.1440680027008057
}