{
  "mean": 6.79844288242748e-06,
  "std": 0.053287338465452194,
  "min": -1.0895298719406128,
  "max": 1.2549946308135986,
  "norm": 35.441612243652344
}