{
  "mean": 0.0035592287313193083,
  "std": 0.08422540128231049,
  "min": -0.3702763319015503,
  "max": 0.40605100989341736,
  "norm": 1.6497985124588013
}