{
  "mean": -0.0015987424412742257,
  "std": 0.171885147690773,
  "min": -1.2271207571029663,
  "max": 1.2662473917007446,
  "norm": 8.249053955078125
}