{
  "mean": 0.0001921645161928609,
  "std": 0.060243621468544006,
  "min": -0.2621403932571411,
  "max": 0.4359145164489746,
  "norm": 2.3603014945983887
}