{
  "mean": 1.3576612900578766e-07,
  "std": 3.455549955368042,
  "min": -17.741615295410156,
  "max": 10.123812675476074,
  "norm": 234.54493713378906
}