{
  "mean": 2.3283064365386963e-10,
  "std": 0.08842805027961731,
  "min": -0.2279690057039261,
  "max": 0.26509520411491394,
  "norm": 1.7305711507797241
}