{
  "mean": -3.320198811707087e-05,
  "std": 0.08788827806711197,
  "min": -1.127342939376831,
  "max": 1.3026020526885986,
  "norm": 33.74861145019531
}