{
  "mean": 0.0005287203821353614,
  "std": 0.10780246555805206,
  "min": -0.7152476906776428,
  "max": 0.49378475546836853,
  "norm": 2.985599994659424
}