{
  "mean": -0.001477537676692009,
  "std": 0.10586799681186676,
  "min": -0.41824617981910706,
  "max": 0.4663437306880951,
  "norm": 2.072080135345459
}