{
  "mean": -3.1044086745701804e-10,
  "std": 0.1217069923877716,
  "min": -0.41553017497062683,
  "max": 0.36413341760635376,
  "norm": 2.381852865219116
}