{
  "mean": -6.782938726246357e-07,
  "std": 0.041144292801618576,
  "min": -0.3418113887310028,
  "max": 0.33574870228767395,
  "norm": 7.899592876434326
}