{
  "mean": -3.4021729788946686e-07,
  "std": 0.04845617339015007,
  "min": -0.581541121006012,
  "max": 0.9868576526641846,
  "norm": 18.606996536254883
}