{
  "mean": -0.009079767391085625,
  "std": 0.10267578810453415,
  "min": -0.5707007050514221,
  "max": 0.398516446352005,
  "norm": 1.4245741367340088
}