{
  "mean": 1.6409547924922663e-06,
  "std": 0.04474463313817978,
  "min": -0.406321257352829,
  "max": 0.41579675674438477,
  "norm": 17.181819915771484
}