{
  "mean": -1.3581787604299844e-11,
  "std": 0.2756924629211426,
  "min": -6.710470676422119,
  "max": 2.7052502632141113,
  "norm": 24.158903121948242
}