{
  "mean": -4.656612873077393e-10,
  "std": 0.10439746081829071,
  "min": -0.09090909361839294,
  "max": 0.2717691659927368,
  "norm": 0.31319236755371094
}