{
  "mean": -3.3993274861643386e-09,
  "std": 0.6411569118499756,
  "min": -3.0449490547180176,
  "max": 6.4195332527160645,
  "norm": 22.929763793945312
}