{
  "mean": -0.0031688811723142862,
  "std": 0.08090222626924515,
  "min": -0.24506685137748718,
  "max": 0.23876401782035828,
  "norm": 1.292899489402771,
  "quantile_25": -0.04921864718198776,
  "quantile_50": 0.0,
  "quantile_75": 0.04264959692955017,
  "timestamp": "2025-04-29T15:21:07.584818",
  "epoch": 1,
  "batch": null
}