{
  "mean": 0.017996802926063538,
  "std": 0.06973299384117126,
  "min": -0.20378607511520386,
  "max": 0.2123740166425705,
  "norm": 0.8117998242378235,
  "quantile_25": -0.009490929543972015,
  "quantile_50": 0.007910999469459057,
  "quantile_75": 0.04038917273283005,
  "timestamp": "2025-04-29T15:21:07.589565",
  "epoch": 1,
  "batch": null
}