{
  "mean": -0.0011506897863000631,
  "std": 0.20053666830062866,
  "min": -3.274742841720581,
  "max": 3.7534923553466797,
  "norm": 72.60250854492188,
  "quantile_25": -0.03057697042822838,
  "quantile_50": 0.0,
  "quantile_75": 0.03111753985285759,
  "timestamp": "2025-04-29T15:21:07.581645",
  "epoch": 1,
  "batch": null
}