{
  "mean": 1.2803980098397005e-09,
  "std": 2.889452765941769e-08,
  "min": -1.1920928955078125e-07,
  "max": 2.384185791015625e-07,
  "norm": 4.618631521680072e-07,
  "quantile_25": -5.587935447692871e-09,
  "quantile_50": 0.0,
  "quantile_75": 4.6566128730773926e-09,
  "timestamp": "2025-04-29T15:21:07.583521",
  "epoch": 1,
  "batch": null
}