{
  "mean": -7.441840921273979e-09,
  "std": 1.803118010457183e-07,
  "min": -1.9073486328125e-06,
  "max": 9.5367431640625e-07,
  "norm": 4.079480731888907e-06,
  "quantile_25": -2.8405338525772095e-08,
  "quantile_50": 0.0,
  "quantile_75": 2.9802322387695312e-08,
  "timestamp": "2025-04-29T15:21:07.570103",
  "epoch": 1,
  "batch": null
}