{
  "mean": -1.9297003746032715e-06,
  "std": 0.08160877972841263,
  "min": -0.4676428735256195,
  "max": 0.4344240725040436,
  "norm": 1.8447917699813843,
  "quantile_25": -0.039336200803518295,
  "quantile_50": 0.0,
  "quantile_75": 0.038135990500450134,
  "timestamp": "2025-04-29T15:21:07.571165",
  "epoch": 1,
  "batch": null
}