{
  "mean": -0.0022042780183255672,
  "std": 0.08753833174705505,
  "min": -2.0556488037109375,
  "max": 2.632051467895508,
  "norm": 63.40264129638672,
  "quantile_25": -0.013764222152531147,
  "quantile_50": 0.0,
  "quantile_75": 0.009730856865644455,
  "timestamp": "2025-04-29T15:21:07.567245",
  "epoch": 1,
  "batch": null
}