{
  "mean": 0.00012684735702350736,
  "std": 0.19838947057724,
  "min": -2.3681581020355225,
  "max": 4.8064069747924805,
  "norm": 35.911720275878906,
  "quantile_25": -0.040320828557014465,
  "quantile_50": 0.0,
  "quantile_75": 0.03841681405901909,
  "timestamp": "2025-04-29T15:21:07.587933",
  "epoch": 1,
  "batch": null
}