{
  "mean": -1.3559429135057144e-09,
  "std": 1.5405362319143023e-08,
  "min": -7.078051567077637e-08,
  "max": 4.470348358154297e-08,
  "norm": 1.7428608600766893e-07,
  "quantile_25": -3.958120942115784e-09,
  "quantile_50": 0.0,
  "quantile_75": 2.9103830456733704e-09,
  "timestamp": "2025-04-29T15:21:07.589101",
  "epoch": 1,
  "batch": null
}