{
  "mean": -0.0006880578584969044,
  "std": 0.0800112783908844,
  "min": -0.30225706100463867,
  "max": 0.2627398371696472,
  "norm": 1.8087466955184937,
  "quantile_25": -0.04210620000958443,
  "quantile_50": 0.0,
  "quantile_75": 0.045072175562381744,
  "timestamp": "2025-04-29T15:21:07.571717",
  "epoch": 1,
  "batch": null
}