{
  "mean": 0.020023223012685776,
  "std": 0.0685378834605217,
  "min": -0.11147993803024292,
  "max": 0.241098091006279,
  "norm": 0.804918646812439,
  "quantile_25": -0.02726784534752369,
  "quantile_50": 0.010293105617165565,
  "quantile_75": 0.058298856019973755,
  "timestamp": "2025-04-29T15:21:07.591015",
  "epoch": 1,
  "batch": null
}