{
  "mean": 5.180481821298599e-06,
  "std": 0.08082011342048645,
  "min": -0.23674406111240387,
  "max": 0.30976632237434387,
  "norm": 1.2905936241149902,
  "quantile_25": -0.035256486386060715,
  "quantile_50": 0.0005011727917008102,
  "quantile_75": 0.040847841650247574,
  "timestamp": "2025-04-29T15:21:07.584173",
  "epoch": 1,
  "batch": null
}