{
  "mean": -0.23562577366828918,
  "std": 1.4656726121902466,
  "min": -2.865750551223755,
  "max": 5.186670303344727,
  "norm": 16.73103141784668,
  "quantile_25": -1.126981258392334,
  "quantile_50": -0.2271614372730255,
  "quantile_75": 0.22170886397361755,
  "timestamp": "2025-04-29T15:21:07.591447",
  "epoch": 1,
  "batch": null
}