{
  "mean": -2.384185791015625e-07,
  "std": NaN,
  "min": -2.384185791015625e-07,
  "max": -2.384185791015625e-07,
  "norm": 2.384185791015625e-07,
  "quantile_25": -2.384185791015625e-07,
  "quantile_50": -2.384185791015625e-07,
  "quantile_75": -2.384185791015625e-07,
  "timestamp": "2025-04-29T15:21:07.591884",
  "epoch": 1,
  "batch": null
}