{
    "train_loss": [
        3684.992431640625,
        302258.40625,
        15764.8154296875,
        75537.1328125,
        16425.974609375,
        19880.173828125,
        32473.970703125,
        9181.7451171875,
        2203.86962890625,
        14196.458984375,
        14887.05078125,
        13440.98046875
    ],
    "val_loss": [
        427448.9375,
        35822.7578125,
        93631.25,
        6711.55908203125,
        22518.037109375,
        38918.97265625,
        9804.2724609375,
        1177.2298583984375,
        16837.763671875,
        19506.833984375,
        10020.498046875,
        1129.722900390625
    ],
    "best_val_loss": 1129.722900390625,
    "training_time": 38.69216704368591
}