{
  "mean": -0.0025340013671666384,
  "std": 0.16270756721496582,
  "min": -0.44183629751205444,
  "max": 0.5534119606018066,
  "norm": 3.1846370697021484,
  "quantile_25": -0.10188724100589752,
  "quantile_50": -0.0019327960908412933,
  "quantile_75": 0.09988584369421005,
  "timestamp": "2025-04-27T21:02:45.350595",
  "epoch": 2,
  "batch": null
}