{
  "mean": 0.02631799876689911,
  "std": 0.355709969997406,
  "min": -0.5137031674385071,
  "max": 2.792003870010376,
  "norm": 3.4766080379486084,
  "quantile_25": -0.08270898461341858,
  "quantile_50": -0.0032067475840449333,
  "quantile_75": 0.04397570341825485,
  "timestamp": "2025-04-27T21:02:44.374318",
  "epoch": 2,
  "batch": null
}