{
  "mean": 3.3631092355435044e-10,
  "std": 0.09798600524663925,
  "min": -1.6103676557540894,
  "max": 1.3535988330841064,
  "norm": 150.44114685058594,
  "quantile_25": -0.017260022461414337,
  "quantile_50": 7.74587647356384e-07,
  "quantile_75": 0.01727750524878502,
  "timestamp": "2025-04-27T21:02:47.344931",
  "epoch": 2,
  "batch": null
}