{
  "mean": -6.047660281183198e-05,
  "std": 0.09434431791305542,
  "min": -1.093308925628662,
  "max": 1.068597435951233,
  "norm": 31.374393463134766,
  "quantile_25": -0.004210267215967178,
  "quantile_50": 4.128090949961916e-06,
  "quantile_75": 0.004164433106780052,
  "timestamp": "2025-04-27T21:02:44.583710",
  "epoch": 2,
  "batch": null
}