{
  "mean": -4.1392114735749885e-10,
  "std": 0.07750124484300613,
  "min": -1.2430328130722046,
  "max": 1.3725230693817139,
  "norm": 118.9882583618164,
  "quantile_25": -0.008695680648088455,
  "quantile_50": -3.731768227765997e-10,
  "quantile_75": 0.008620111271739006,
  "timestamp": "2025-04-27T21:02:46.647779",
  "epoch": 2,
  "batch": null
}