{
  "mean": -1.2417634698280722e-09,
  "std": 0.08458928763866425,
  "min": -0.23762477934360504,
  "max": 0.24784249067306519,
  "norm": 1.6554450988769531,
  "quantile_25": -0.055950962007045746,
  "quantile_50": 0.0007339264266192913,
  "quantile_75": 0.05734739080071449,
  "timestamp": "2025-04-27T21:02:45.832817",
  "epoch": 2,
  "batch": null
}