{
  "mean": 0.0010844810167327523,
  "std": 0.09837508946657181,
  "min": -0.25447073578834534,
  "max": 0.3454133868217468,
  "norm": 0.9589006304740906,
  "quantile_25": -0.05906010791659355,
  "quantile_50": 0.005512393079698086,
  "quantile_75": 0.06599937379360199,
  "timestamp": "2025-04-27T21:02:44.468672",
  "epoch": 2,
  "batch": null
}