{
  "mean": 0.012502633966505527,
  "std": 0.20198537409305573,
  "min": -0.7909865379333496,
  "max": 0.5756374597549438,
  "norm": 1.9725173711776733,
  "quantile_25": -0.0420311875641346,
  "quantile_50": -0.0022376233246177435,
  "quantile_75": 0.04076352342963219,
  "timestamp": "2025-04-27T21:02:44.381206",
  "epoch": 2,
  "batch": null
}