{
  "mean": 0.01233914028853178,
  "std": 0.1748328059911728,
  "min": -0.452661395072937,
  "max": 0.5118857622146606,
  "norm": 2.422279119491577,
  "quantile_25": -0.10010670125484467,
  "quantile_50": 0.01138515118509531,
  "quantile_75": 0.1341959685087204,
  "timestamp": "2025-04-27T21:02:44.517032",
  "epoch": 2,
  "batch": null
}