{
  "mean": 0.004060429986566305,
  "std": 0.11002158373594284,
  "min": -0.5523577332496643,
  "max": 0.571998119354248,
  "norm": 4.313480854034424,
  "quantile_25": -0.04829273372888565,
  "quantile_50": 0.0011134464293718338,
  "quantile_75": 0.04545038193464279,
  "timestamp": "2025-04-27T21:02:45.405233",
  "epoch": 2,
  "batch": null
}