{
  "mean": -0.006512441206723452,
  "std": 0.27225571870803833,
  "min": -0.7975596189498901,
  "max": 0.785835862159729,
  "norm": 5.329677581787109,
  "quantile_25": -0.1870286911725998,
  "quantile_50": -0.0029376838356256485,
  "quantile_75": 0.16730335354804993,
  "timestamp": "2025-04-27T21:02:44.741077",
  "epoch": 2,
  "batch": null
}