{
  "mean": -2.0404062524903566e-05,
  "std": 0.15452702343463898,
  "min": -1.5322015285491943,
  "max": 1.383592128753662,
  "norm": 41.95820236206055,
  "quantile_25": -0.049510613083839417,
  "quantile_50": 5.077418245491572e-05,
  "quantile_75": 0.05032901465892792,
  "timestamp": "2025-04-27T21:02:44.483027",
  "epoch": 2,
  "batch": null
}