{
  "mean": 1.199743689811461e-11,
  "std": 0.0013028938556089997,
  "min": -0.024324193596839905,
  "max": 0.012187608517706394,
  "norm": 0.05865916237235069,
  "quantile_25": -0.00011819476640084758,
  "quantile_50": 0.0,
  "quantile_75": 0.000189530459465459,
  "timestamp": "2025-04-27T21:02:45.283934",
  "epoch": 2,
  "batch": null
}