{
  "mean": -1.8933580577140674e-05,
  "std": 0.08947325497865677,
  "min": -0.7929805517196655,
  "max": 0.8040367960929871,
  "norm": 17.178613662719727,
  "quantile_25": -0.030332744121551514,
  "quantile_50": -1.4554440895153675e-05,
  "quantile_75": 0.030108150094747543,
  "timestamp": "2025-04-27T21:02:44.514786",
  "epoch": 2,
  "batch": null
}