{
  "mean": 0.029723605141043663,
  "std": 0.20508015155792236,
  "min": -0.44833457469940186,
  "max": 0.7739603519439697,
  "norm": 2.8640329837799072,
  "quantile_25": -0.09928805381059647,
  "quantile_50": 0.004846155643463135,
  "quantile_75": 0.16888859868049622,
  "timestamp": "2025-04-27T21:02:44.487405",
  "epoch": 2,
  "batch": null
}