{
  "mean": -6.208817349140361e-10,
  "std": 0.06367765367031097,
  "min": -0.20624832808971405,
  "max": 0.20974372327327728,
  "norm": 1.7635377645492554,
  "quantile_25": -0.04243272915482521,
  "quantile_50": 0.00022680312395095825,
  "quantile_75": 0.0434599332511425,
  "timestamp": "2025-04-27T21:02:46.656076",
  "epoch": 2,
  "batch": null
}