{
  "mean": -0.002260242821648717,
  "std": 0.07658888399600983,
  "min": -0.4337006211280823,
  "max": 0.36252397298812866,
  "norm": 2.5995166301727295,
  "quantile_25": -0.002959755714982748,
  "quantile_50": -2.9103830456733704e-11,
  "quantile_75": 0.0024844272993505,
  "timestamp": "2025-04-27T21:02:45.704820",
  "epoch": 2,
  "batch": null
}