{
  "mean": -6.208817349140361e-10,
  "std": 0.10441324859857559,
  "min": -0.3167720139026642,
  "max": 0.3040170669555664,
  "norm": 2.043407440185547,
  "quantile_25": -0.07074393332004547,
  "quantile_50": -0.0031810044310986996,
  "quantile_75": 0.07382258772850037,
  "timestamp": "2025-04-27T21:02:45.721105",
  "epoch": 2,
  "batch": null
}