{
  "mean": 0.0006544706993736327,
  "std": 0.11083999276161194,
  "min": -1.088320255279541,
  "max": 1.504425287246704,
  "norm": 21.281322479248047,
  "quantile_25": -0.010999025776982307,
  "quantile_50": 4.8697052989155054e-05,
  "quantile_75": 0.013291616924107075,
  "timestamp": "2025-04-27T21:02:44.467852",
  "epoch": 2,
  "batch": null
}