{
  "mean": -0.0017757933819666505,
  "std": 0.149267315864563,
  "min": -0.7406228184700012,
  "max": 0.6562097072601318,
  "norm": 5.848569869995117,
  "quantile_25": -0.06152767315506935,
  "quantile_50": 0.0005867332220077515,
  "quantile_75": 0.06023138388991356,
  "timestamp": "2025-04-27T21:02:44.984223",
  "epoch": 2,
  "batch": null
}