{
  "mean": -0.006040235981345177,
  "std": 0.4072817265987396,
  "min": -2.7773044109344482,
  "max": 2.780689001083374,
  "norm": 19.54743194580078,
  "quantile_25": -0.005721629597246647,
  "quantile_50": 0.0,
  "quantile_75": 0.0056597646325826645,
  "timestamp": "2025-04-27T21:02:46.128377",
  "epoch": 2,
  "batch": null
}