{
  "mean": -0.0025645096320658922,
  "std": 0.18637524545192719,
  "min": -0.5509321093559265,
  "max": 0.49320873618125916,
  "norm": 3.64778208732605,
  "quantile_25": -0.13672807812690735,
  "quantile_50": 0.0050253234803676605,
  "quantile_75": 0.12517397105693817,
  "timestamp": "2025-04-27T21:02:44.854474",
  "epoch": 2,
  "batch": null
}