{
  "mean": -2.4835269396561444e-09,
  "std": 0.4922124445438385,
  "min": -1.7954652309417725,
  "max": 1.4371572732925415,
  "norm": 13.631708145141602,
  "quantile_25": -0.3179442584514618,
  "quantile_50": 0.008222723379731178,
  "quantile_75": 0.3318217396736145,
  "timestamp": "2025-04-27T21:02:46.186573",
  "epoch": 2,
  "batch": null
}