{
  "mean": -0.0014388725394383073,
  "std": 0.19546069204807281,
  "min": -0.8781991004943848,
  "max": 0.8092617988586426,
  "norm": 7.658177375793457,
  "quantile_25": -0.09191808104515076,
  "quantile_50": -0.000862670480273664,
  "quantile_75": 0.0807265192270279,
  "timestamp": "2025-04-27T21:02:44.797130",
  "epoch": 2,
  "batch": null
}