{
  "mean": -6.486652361081813e-12,
  "std": 0.0016105271643027663,
  "min": -0.04970383271574974,
  "max": 0.010144034400582314,
  "norm": 0.07250948995351791,
  "quantile_25": -0.00024211322306655347,
  "quantile_50": 1.4924593187970459e-06,
  "quantile_75": 0.00024593694251962006,
  "timestamp": "2025-04-27T21:02:45.043948",
  "epoch": 2,
  "batch": null
}