{
  "mean": 9.089070954360068e-05,
  "std": 0.12675467133522034,
  "min": -1.0477925539016724,
  "max": 0.9645925164222717,
  "norm": 12.167792320251465,
  "quantile_25": -0.043085917830467224,
  "quantile_50": 6.313755875453353e-05,
  "quantile_75": 0.04131307825446129,
  "timestamp": "2025-04-27T21:02:44.423621",
  "epoch": 2,
  "batch": null
}