{
  "mean": -1.8703544810705353e-06,
  "std": 0.054947733879089355,
  "min": -0.8885239362716675,
  "max": 0.8833316564559937,
  "norm": 42.19816589355469,
  "quantile_25": -0.014294987544417381,
  "quantile_50": -1.5233716112561524e-05,
  "quantile_75": 0.014651952311396599,
  "timestamp": "2025-04-27T21:02:45.456028",
  "epoch": 2,
  "batch": null
}