{
  "mean": -6.681357626803219e-05,
  "std": 0.06429504603147507,
  "min": -3.433012008666992,
  "max": 2.608696222305298,
  "norm": 85.52220916748047,
  "quantile_25": -0.005372405983507633,
  "quantile_50": -4.275118953955825e-06,
  "quantile_75": 0.005327117629349232,
  "timestamp": "2025-04-27T21:02:46.818634",
  "epoch": 2,
  "batch": null
}