{
  "mean": -0.0050628092139959335,
  "std": 0.46832653880119324,
  "min": -3.0008177757263184,
  "max": 3.2872095108032227,
  "norm": 12.970952033996582,
  "quantile_25": -0.16347479820251465,
  "quantile_50": -0.00031585036776959896,
  "quantile_75": 0.1633020043373108,
  "timestamp": "2025-04-27T21:02:44.667152",
  "epoch": 2,
  "batch": null
}