{
  "mean": 0.0019258850952610373,
  "std": 0.11309491842985153,
  "min": -0.3711083233356476,
  "max": 0.7694200277328491,
  "norm": 2.2136330604553223,
  "quantile_25": -0.046528786420822144,
  "quantile_50": -0.000477401539683342,
  "quantile_75": 0.04598011076450348,
  "timestamp": "2025-04-27T21:02:45.461503",
  "epoch": 2,
  "batch": null
}