{
  "mean": 8.959428669186309e-06,
  "std": 0.1216178610920906,
  "min": -1.6403390169143677,
  "max": 1.496259093284607,
  "norm": 93.39755249023438,
  "quantile_25": -0.02906208112835884,
  "quantile_50": -2.0578827388817444e-05,
  "quantile_75": 0.029111389070749283,
  "timestamp": "2025-04-27T21:02:44.979905",
  "epoch": 2,
  "batch": null
}