{
  "mean": 2.9570062906714156e-05,
  "std": 0.08802113682031631,
  "min": -1.1792758703231812,
  "max": 1.4804065227508545,
  "norm": 29.271610260009766,
  "quantile_25": -0.0009130366379395127,
  "quantile_50": 1.2076171174157935e-07,
  "quantile_75": 0.0009262331877835095,
  "timestamp": "2025-04-27T21:02:44.509629",
  "epoch": 2,
  "batch": null
}