{
  "mean": 0.0006527882069349289,
  "std": 0.10206755250692368,
  "min": -0.3626171350479126,
  "max": 0.5175829529762268,
  "norm": 2.8267946243286133,
  "quantile_25": -0.05001409724354744,
  "quantile_50": 0.0008533777436241508,
  "quantile_75": 0.04880213737487793,
  "timestamp": "2025-04-27T21:02:46.884650",
  "epoch": 2,
  "batch": null
}