{
  "mean": -0.004993760026991367,
  "std": 0.11324913799762726,
  "min": -0.34553512930870056,
  "max": 0.3756052851676941,
  "norm": 3.1394600868225098,
  "quantile_25": -0.0811397135257721,
  "quantile_50": -0.0018813357455655932,
  "quantile_75": 0.07308133691549301,
  "timestamp": "2025-04-27T21:02:46.885604",
  "epoch": 2,
  "batch": null
}