{
  "mean": -9.657541340857279e-06,
  "std": 0.13504144549369812,
  "min": -2.2958593368530273,
  "max": 2.1468348503112793,
  "norm": 51.854923248291016,
  "quantile_25": -0.02341996692121029,
  "quantile_50": 1.5132374755921774e-05,
  "quantile_75": 0.02359049580991268,
  "timestamp": "2025-04-27T21:02:44.605247",
  "epoch": 2,
  "batch": null
}