{
  "mean": 0.001064763404428959,
  "std": 0.13446450233459473,
  "min": -0.3533334732055664,
  "max": 0.3783915340900421,
  "norm": 1.3106393814086914,
  "quantile_25": -0.09459522366523743,
  "quantile_50": 0.004735603928565979,
  "quantile_75": 0.08757424354553223,
  "timestamp": "2025-04-27T21:02:44.416277",
  "epoch": 2,
  "batch": null
}