{
  "mean": -6.208817349140361e-10,
  "std": 0.11308493465185165,
  "min": -0.3457549214363098,
  "max": 0.32953935861587524,
  "norm": 2.213115930557251,
  "quantile_25": -0.07365597784519196,
  "quantile_50": 0.0032297465950250626,
  "quantile_75": 0.06709753721952438,
  "timestamp": "2025-04-27T21:02:45.642220",
  "epoch": 2,
  "batch": null
}