{
  "mean": 0.0007671185885556042,
  "std": 0.24632775783538818,
  "min": -1.1814147233963013,
  "max": 0.8719475865364075,
  "norm": 4.8207526206970215,
  "quantile_25": -0.0884360820055008,
  "quantile_50": -0.0027294300962239504,
  "quantile_75": 0.0991944968700409,
  "timestamp": "2025-04-27T21:02:44.740306",
  "epoch": 2,
  "batch": null
}