{
  "mean": -1.862645149230957e-09,
  "std": 0.13591207563877106,
  "min": -0.37593579292297363,
  "max": 0.43062523007392883,
  "norm": 1.8783423900604248,
  "quantile_25": -0.09169164299964905,
  "quantile_50": -0.006583250127732754,
  "quantile_75": 0.08200506865978241,
  "timestamp": "2025-04-27T21:02:44.556127",
  "epoch": 2,
  "batch": null
}