{
  "mean": 0.0064447359181940556,
  "std": 0.24161390960216522,
  "min": -1.2530055046081543,
  "max": 1.5116790533065796,
  "norm": 11.599077224731445,
  "quantile_25": -0.00716828741133213,
  "quantile_50": 3.637978807091713e-12,
  "quantile_75": 0.009469296783208847,
  "timestamp": "2025-04-27T21:02:46.828521",
  "epoch": 2,
  "batch": null
}