{
  "mean": -0.005449546966701746,
  "std": 0.11128687858581543,
  "min": -0.3239043056964874,
  "max": 0.30573970079421997,
  "norm": 2.1805436611175537,
  "quantile_25": -0.07904466986656189,
  "quantile_50": -0.0021489011123776436,
  "quantile_75": 0.06400258094072342,
  "timestamp": "2025-04-27T21:02:45.462618",
  "epoch": 2,
  "batch": null
}