{
  "mean": -0.02499937266111374,
  "std": 0.2931928038597107,
  "min": -0.8267369270324707,
  "max": 0.9454737901687622,
  "norm": 5.758770942687988,
  "quantile_25": -0.22510522603988647,
  "quantile_50": -0.03682210296392441,
  "quantile_75": 0.1625959575176239,
  "timestamp": "2025-04-27T21:02:44.486419",
  "epoch": 2,
  "batch": null
}