{
  "mean": -0.0039248159155249596,
  "std": 0.10481419414281845,
  "min": -0.5177826285362244,
  "max": 0.6659491658210754,
  "norm": 3.5584616661071777,
  "quantile_25": -0.003508815309032798,
  "quantile_50": -5.4569682106375694e-11,
  "quantile_75": 0.0021464251913130283,
  "timestamp": "2025-04-27T21:02:45.513786",
  "epoch": 2,
  "batch": null
}