{
  "mean": 0.009560026228427887,
  "std": 0.1802823692560196,
  "min": -0.6929348111152649,
  "max": 1.0979413986206055,
  "norm": 3.533165693283081,
  "quantile_25": -0.06387226283550262,
  "quantile_50": -0.00047038961201906204,
  "quantile_75": 0.07392504811286926,
  "timestamp": "2025-04-27T21:02:44.853813",
  "epoch": 2,
  "batch": null
}