{
  "mean": 1.3920575838710647e-05,
  "std": 0.1465877741575241,
  "min": -4.443542957305908,
  "max": 4.492860794067383,
  "norm": 225.08128356933594,
  "quantile_25": -0.024047773331403732,
  "quantile_50": 2.1584708065347513e-07,
  "quantile_75": 0.024089675396680832,
  "timestamp": "2025-04-27T21:02:46.412644",
  "epoch": 2,
  "batch": null
}