{
  "mean": 2.8960717827430926e-05,
  "std": 0.10482031106948853,
  "min": -1.507143497467041,
  "max": 1.575843095779419,
  "norm": 80.49767303466797,
  "quantile_25": -0.028927937150001526,
  "quantile_50": -9.287223292631097e-06,
  "quantile_75": 0.02898084558546543,
  "timestamp": "2025-04-27T21:02:45.401241",
  "epoch": 2,
  "batch": null
}