{
  "mean": 3.918493166565895e-05,
  "std": 0.09222783893346786,
  "min": -1.1531240940093994,
  "max": 1.3215736150741577,
  "norm": 70.82637786865234,
  "quantile_25": -0.021056093275547028,
  "quantile_50": 3.6562487366609275e-06,
  "quantile_75": 0.021072756499052048,
  "timestamp": "2025-04-27T21:02:45.774436",
  "epoch": 2,
  "batch": null
}