{
  "mean": 0.0,
  "std": 0.22204694151878357,
  "min": -0.5218734741210938,
  "max": 0.6936608552932739,
  "norm": 4.345544338226318,
  "quantile_25": -0.15062543749809265,
  "quantile_50": -0.0019317925907671452,
  "quantile_75": 0.14855901896953583,
  "timestamp": "2025-04-27T21:02:44.852704",
  "epoch": 2,
  "batch": null
}