{
  "mean": -0.0024113005492836237,
  "std": 0.1521957516670227,
  "min": -0.4914662837982178,
  "max": 0.4513653516769409,
  "norm": 2.9789047241210938,
  "quantile_25": -0.10625381022691727,
  "quantile_50": -0.005072152242064476,
  "quantile_75": 0.11032239347696304,
  "timestamp": "2025-04-27T21:02:45.282984",
  "epoch": 2,
  "batch": null
}