{
  "mean": -0.0038550645112991333,
  "std": 0.1443818211555481,
  "min": -0.6734166145324707,
  "max": 0.5457268357276917,
  "norm": 3.463390350341797,
  "quantile_25": -0.0008021596004255116,
  "quantile_50": 1.9235812942497432e-10,
  "quantile_75": 0.0008852753089740872,
  "timestamp": "2025-04-27T21:02:44.511102",
  "epoch": 2,
  "batch": null
}