{
  "mean": -0.026106201112270355,
  "std": 0.12411432713270187,
  "min": -0.4470139741897583,
  "max": 0.5451569557189941,
  "norm": 1.2364635467529297,
  "quantile_25": -0.07263225317001343,
  "quantile_50": -0.011945415288209915,
  "quantile_75": 0.020957261323928833,
  "timestamp": "2025-04-27T21:02:44.435674",
  "epoch": 2,
  "batch": null
}