{
  "mean": 0.0003153569996356964,
  "std": 0.09706823527812958,
  "min": -0.36801570653915405,
  "max": 0.2780172824859619,
  "norm": 1.8996727466583252,
  "quantile_25": -0.0637790858745575,
  "quantile_50": 0.007776606362313032,
  "quantile_75": 0.06558911502361298,
  "timestamp": "2025-04-27T21:02:45.644124",
  "epoch": 2,
  "batch": null
}