{
  "mean": 6.208817349140361e-10,
  "std": 0.12913475930690765,
  "min": -0.43135392665863037,
  "max": 0.3798355162143707,
  "norm": 2.527217149734497,
  "quantile_25": -0.08556544035673141,
  "quantile_50": 0.0003778841346502304,
  "quantile_75": 0.08735225349664688,
  "timestamp": "2025-04-27T21:02:45.529447",
  "epoch": 2,
  "batch": null
}