{
  "mean": -0.01100078970193863,
  "std": 0.10765673220157623,
  "min": -0.416583776473999,
  "max": 0.26110297441482544,
  "norm": 1.0548293590545654,
  "quantile_25": -0.03444715961813927,
  "quantile_50": -0.008692293427884579,
  "quantile_75": 0.050353020429611206,
  "timestamp": "2025-04-27T21:02:44.417119",
  "epoch": 2,
  "batch": null
}