{
  "mean": 0.019399672746658325,
  "std": 0.21209374070167542,
  "min": -0.6434099674224854,
  "max": 0.628058135509491,
  "norm": 4.168128490447998,
  "quantile_25": -0.11222970485687256,
  "quantile_50": 0.015484452247619629,
  "quantile_75": 0.1597757339477539,
  "timestamp": "2025-04-27T21:02:44.926183",
  "epoch": 2,
  "batch": null
}