{
  "mean": 0.002966520143672824,
  "std": 0.0773523598909378,
  "min": -0.2933386564254761,
  "max": 0.3501178026199341,
  "norm": 3.032823085784912,
  "quantile_25": -0.02542622573673725,
  "quantile_50": 0.0008393842726945877,
  "quantile_75": 0.028796711936593056,
  "timestamp": "2025-04-27T21:02:45.778302",
  "epoch": 2,
  "batch": null
}