{
  "mean": -6.393917715286079e-07,
  "std": 0.13289976119995117,
  "min": -1.1378120183944702,
  "max": 1.1930367946624756,
  "norm": 72.17095184326172,
  "quantile_25": -0.04349645599722862,
  "quantile_50": 2.1806048607686535e-05,
  "quantile_75": 0.04338334500789642,
  "timestamp": "2025-04-27T21:02:44.664255",
  "epoch": 2,
  "batch": null
}