{
  "mean": 0.005085343029350042,
  "std": 0.19210992753505707,
  "min": -0.49705827236175537,
  "max": 0.4506208300590515,
  "norm": 1.8731188774108887,
  "quantile_25": -0.1333048790693283,
  "quantile_50": -0.002221541479229927,
  "quantile_75": 0.15469257533550262,
  "timestamp": "2025-04-27T21:02:44.382218",
  "epoch": 2,
  "batch": null
}