{
  "mean": 0.00026499477098695934,
  "std": 0.20632971823215485,
  "min": -2.7044177055358887,
  "max": 2.9548680782318115,
  "norm": 39.614707946777344,
  "quantile_25": -0.02817801758646965,
  "quantile_50": -2.7475529350340366e-05,
  "quantile_75": 0.02781905233860016,
  "timestamp": "2025-04-27T21:02:44.462961",
  "epoch": 2,
  "batch": null
}