{
  "mean": 0.013137680478394032,
  "std": 0.15417352318763733,
  "min": -0.5901093482971191,
  "max": 0.6227832436561584,
  "norm": 3.028198480606079,
  "quantile_25": -0.053649429231882095,
  "quantile_50": 0.006128454115241766,
  "quantile_75": 0.08504652976989746,
  "timestamp": "2025-04-27T21:02:45.349807",
  "epoch": 2,
  "batch": null
}