{
  "mean": -0.016021491959691048,
  "std": 0.14523743093013763,
  "min": -0.6919748187065125,
  "max": 0.6159394383430481,
  "norm": 2.8596391677856445,
  "quantile_25": -0.07652869075536728,
  "quantile_50": -0.0026963925920426846,
  "quantile_75": 0.053474061191082,
  "timestamp": "2025-04-27T21:02:45.278877",
  "epoch": 2,
  "batch": null
}