{
  "mean": -4.363673269835999e-06,
  "std": 0.0653647631406784,
  "min": -0.6042264699935913,
  "max": 0.6618884801864624,
  "norm": 25.099889755249023,
  "quantile_25": -0.024861952289938927,
  "quantile_50": -2.437738294247538e-05,
  "quantile_75": 0.024873975664377213,
  "timestamp": "2025-04-27T21:02:45.718902",
  "epoch": 2,
  "batch": null
}