{
  "mean": 6.222306546987966e-05,
  "std": 0.15976665914058685,
  "min": -2.6203715801239014,
  "max": 2.5290865898132324,
  "norm": 61.34950637817383,
  "quantile_25": -0.03031914308667183,
  "quantile_50": 3.9973378989088815e-06,
  "quantile_75": 0.030327362939715385,
  "timestamp": "2025-04-27T21:02:44.539306",
  "epoch": 2,
  "batch": null
}