{
  "mean": 3.306470722219679e-11,
  "std": 0.003054736414924264,
  "min": -0.02500997856259346,
  "max": 0.02903381735086441,
  "norm": 0.19452215731143951,
  "quantile_25": -0.000552235753275454,
  "quantile_50": 0.0,
  "quantile_75": 0.0004168428713455796,
  "timestamp": "2025-04-27T21:02:45.946449",
  "epoch": 2,
  "batch": null
}