{
  "mean": 1.2417634698280722e-09,
  "std": 0.13391177356243134,
  "min": -0.424604594707489,
  "max": 0.42516541481018066,
  "norm": 2.6207051277160645,
  "quantile_25": -0.08375753462314606,
  "quantile_50": 0.0024008783511817455,
  "quantile_75": 0.08607141673564911,
  "timestamp": "2025-04-27T21:02:45.460464",
  "epoch": 2,
  "batch": null
}