{
  "mean": 0.007721282541751862,
  "std": 0.1440025418996811,
  "min": -0.5803659558296204,
  "max": 0.6131415367126465,
  "norm": 2.8222439289093018,
  "quantile_25": -0.05875535309314728,
  "quantile_50": -0.004588359966874123,
  "quantile_75": 0.06109879910945892,
  "timestamp": "2025-04-27T21:02:45.530530",
  "epoch": 2,
  "batch": null
}