{
  "mean": 0.004094157367944717,
  "std": 0.2894762456417084,
  "min": -1.6320574283599854,
  "max": 1.90378999710083,
  "norm": 5.6657304763793945,
  "quantile_25": -0.12252714484930038,
  "quantile_50": -0.003944804891943932,
  "quantile_75": 0.11128617823123932,
  "timestamp": "2025-04-27T21:02:44.669073",
  "epoch": 2,
  "batch": null
}