{
  "mean": 8.25281131255906e-06,
  "std": 0.05559092015028,
  "min": -0.7871807813644409,
  "max": 0.7509947419166565,
  "norm": 42.69205856323242,
  "quantile_25": -0.013156509026885033,
  "quantile_50": -3.373379149707034e-05,
  "quantile_75": 0.013852463103830814,
  "timestamp": "2025-04-27T21:02:45.638165",
  "epoch": 2,
  "batch": null
}