{
  "mean": -0.0012215401511639357,
  "std": 0.14705367386341095,
  "min": -0.3991650342941284,
  "max": 0.46159330010414124,
  "norm": 2.8779964447021484,
  "quantile_25": -0.10695497691631317,
  "quantile_50": -0.0034229112789034843,
  "quantile_75": 0.10542836040258408,
  "timestamp": "2025-04-27T21:02:45.043115",
  "epoch": 2,
  "batch": null
}