{
  "mean": -2.945042524515884e-06,
  "std": 0.07339935749769211,
  "min": -0.6523954272270203,
  "max": 0.6222409605979919,
  "norm": 28.185155868530273,
  "quantile_25": -0.03006337396800518,
  "quantile_50": 7.43259588489309e-05,
  "quantile_75": 0.030145861208438873,
  "timestamp": "2025-04-27T21:02:45.527385",
  "epoch": 2,
  "batch": null
}