{
  "mean": 5.998718449057305e-12,
  "std": 0.0016606379067525268,
  "min": -0.01681174524128437,
  "max": 0.017258543521165848,
  "norm": 0.07476560026407242,
  "quantile_25": -0.00018196101882494986,
  "quantile_50": 0.0,
  "quantile_75": 0.0001508432615082711,
  "timestamp": "2025-04-27T21:02:44.858556",
  "epoch": 2,
  "batch": null
}