{
  "mean": -0.014174513518810272,
  "std": 0.20222608745098114,
  "min": -0.812195897102356,
  "max": 0.6484371423721313,
  "norm": 3.9673779010772705,
  "quantile_25": -0.09244939684867859,
  "quantile_50": -0.005325404927134514,
  "quantile_75": 0.07332910597324371,
  "timestamp": "2025-04-27T21:02:44.925247",
  "epoch": 2,
  "batch": null
}