{
  "mean": -0.010584739036858082,
  "std": 0.10959375649690628,
  "min": -0.4326544404029846,
  "max": 0.2738931477069855,
  "norm": 2.1547982692718506,
  "quantile_25": -0.085425466299057,
  "quantile_50": -0.011272850446403027,
  "quantile_75": 0.0637226477265358,
  "timestamp": "2025-04-27T21:02:45.722829",
  "epoch": 2,
  "batch": null
}