{
  "mean": 0.006404177751392126,
  "std": 0.12808308005332947,
  "min": -0.6581219434738159,
  "max": 0.6759239435195923,
  "norm": 3.5516679286956787,
  "quantile_25": -0.03814533352851868,
  "quantile_50": 1.2462143786251545e-05,
  "quantile_75": 0.05459384247660637,
  "timestamp": "2025-04-27T21:02:44.541076",
  "epoch": 2,
  "batch": null
}