{
  "mean": 1.2417634698280722e-09,
  "std": 0.1653367131948471,
  "min": -0.5741585493087769,
  "max": 0.5939971804618835,
  "norm": 1.6115031242370605,
  "quantile_25": -0.018008561804890633,
  "quantile_50": 0.01347167044878006,
  "quantile_75": 0.04072196036577225,
  "timestamp": "2025-04-27T21:02:44.372835",
  "epoch": 2,
  "batch": null
}