{
  "mean": 0.0,
  "std": 0.066671222448349,
  "min": -1.184264063835144,
  "max": 1.3699486255645752,
  "norm": 51.201515197753906,
  "quantile_25": -0.02331402152776718,
  "quantile_50": 1.576524300617166e-05,
  "quantile_75": 0.023185603320598602,
  "timestamp": "2025-04-27T21:02:46.879735",
  "epoch": 2,
  "batch": null
}