{
  "mean": 0.022886043414473534,
  "std": 0.22294192016124725,
  "min": -0.8430489897727966,
  "max": 0.8624252080917358,
  "norm": 6.206813812255859,
  "quantile_25": -0.10459916293621063,
  "quantile_50": 0.01458508986979723,
  "quantile_75": 0.14238104224205017,
  "timestamp": "2025-04-27T21:02:47.358649",
  "epoch": 2,
  "batch": null
}