{
  "mean": 0.0010844807839021087,
  "std": 0.12382345646619797,
  "min": -0.3311246335506439,
  "max": 0.42418989539146423,
  "norm": 1.2069284915924072,
  "quantile_25": -0.06931939721107483,
  "quantile_50": -0.0006066281348466873,
  "quantile_75": 0.09704693406820297,
  "timestamp": "2025-04-27T21:02:44.435079",
  "epoch": 2,
  "batch": null
}