{
  "mean": 3.1044086745701804e-10,
  "std": 0.08265803754329681,
  "min": -0.2960202693939209,
  "max": 0.2616674304008484,
  "norm": 2.2891950607299805,
  "quantile_25": -0.05419601500034332,
  "quantile_50": 0.0015292272437363863,
  "quantile_75": 0.05622624605894089,
  "timestamp": "2025-04-27T21:02:47.357466",
  "epoch": 2,
  "batch": null
}