{
  "mean": 0.0081784101203084,
  "std": 0.13422086834907532,
  "min": -0.23510155081748962,
  "max": 0.35644733905792236,
  "norm": 1.310675024986267,
  "quantile_25": -0.0931125283241272,
  "quantile_50": -0.012930480763316154,
  "quantile_75": 0.09953714907169342,
  "timestamp": "2025-04-27T21:02:44.417591",
  "epoch": 2,
  "batch": null
}