{
  "mean": 0.00014388658746611327,
  "std": 0.07976233214139938,
  "min": -0.3908582031726837,
  "max": 0.4645034372806549,
  "norm": 4.420164585113525,
  "quantile_25": -0.03203172981739044,
  "quantile_50": -3.695296618388966e-05,
  "quantile_75": 0.031171195209026337,
  "timestamp": "2025-04-27T21:02:47.128054",
  "epoch": 2,
  "batch": null
}