{
  "mean": 5.510784537032798e-11,
  "std": 0.0014984268927946687,
  "min": -0.02184091880917549,
  "max": 0.01185542531311512,
  "norm": 0.03370627760887146,
  "quantile_25": -0.00012375267397146672,
  "quantile_50": -4.0233669551525963e-07,
  "quantile_75": 0.00019146486010868102,
  "timestamp": "2025-04-27T21:02:44.418057",
  "epoch": 2,
  "batch": null
}