{
  "mean": 0.0033220972400158644,
  "std": 0.22845643758773804,
  "min": -0.6208251714706421,
  "max": 0.6836916208267212,
  "norm": 6.327716827392578,
  "quantile_25": -0.1563432663679123,
  "quantile_50": -0.008456199429929256,
  "quantile_75": 0.1648593693971634,
  "timestamp": "2025-04-27T21:02:45.945598",
  "epoch": 2,
  "batch": null
}