{
  "mean": 4.678426483023523e-12,
  "std": 0.001298634335398674,
  "min": -0.018940282985568047,
  "max": 0.015681901946663857,
  "norm": 0.05846738815307617,
  "quantile_25": -0.00015548917872365564,
  "quantile_50": 0.0,
  "quantile_75": 0.0001592770277056843,
  "timestamp": "2025-04-27T21:02:45.644827",
  "epoch": 2,
  "batch": null
}