{
  "mean": 0.0027168940287083387,
  "std": 0.10348118096590042,
  "min": -0.5884753465652466,
  "max": 0.4267883896827698,
  "norm": 4.055694103240967,
  "quantile_25": -0.03708728030323982,
  "quantile_50": 0.0006998135941103101,
  "quantile_75": 0.04394233971834183,
  "timestamp": "2025-04-27T21:02:45.588430",
  "epoch": 2,
  "batch": null
}