{
  "mean": -7.395579149083176e-10,
  "std": 0.07466841489076614,
  "min": -0.09090910106897354,
  "max": 0.18343070149421692,
  "norm": 0.22400523722171783,
  "quantile_25": -0.0012093856930732727,
  "quantile_50": 3.879911961194133e-29,
  "quantile_75": 4.1251051186019794e-11,
  "timestamp": "2025-04-27T21:02:47.362308",
  "epoch": 2,
  "batch": null
}