{
  "mean": -1.396983917434369e-10,
  "std": 0.26222994923591614,
  "min": -4.650959014892578,
  "max": 3.8932528495788574,
  "norm": 22.97918701171875,
  "quantile_25": -1.2879138033827786e-10,
  "quantile_50": 0.0,
  "quantile_75": 1.650163339306232e-10,
  "timestamp": "2025-04-27T21:02:47.360841",
  "epoch": 2,
  "batch": null
}