{
  "mean": -0.0001264661259483546,
  "std": 0.22358864545822144,
  "min": -6.3346381187438965,
  "max": 4.542986869812012,
  "norm": 70.10221862792969,
  "quantile_25": -0.07943496108055115,
  "quantile_50": 0.0,
  "quantile_75": 0.07898150384426117,
  "timestamp": "2025-04-27T21:02:47.373944",
  "epoch": 2,
  "batch": null
}