{
  "mean": -5.892815124752815e-10,
  "std": 4.896088423578249e-09,
  "min": -1.4901161193847656e-08,
  "max": 1.7695128917694092e-08,
  "norm": 5.557743776307689e-08,
  "quantile_25": -1.862645149230957e-09,
  "quantile_50": 0.0,
  "quantile_75": 9.313225746154785e-10,
  "timestamp": "2025-04-29T22:20:15.033434",
  "epoch": 9,
  "batch": null
}