{
  "mean": 0.00013383131590671837,
  "std": 0.01141803152859211,
  "min": -0.10202660411596298,
  "max": 0.12312400341033936,
  "norm": 4.134010314941406,
  "quantile_25": -0.0026526260189712048,
  "quantile_50": 3.7112571590114385e-05,
  "quantile_75": 0.002622801112011075,
  "timestamp": "2025-04-29T22:20:15.024819",
  "epoch": 9,
  "batch": null
}