{
  "mean": 0.008433375507593155,
  "std": 0.06930120289325714,
  "min": -0.24086226522922516,
  "max": 0.2689335346221924,
  "norm": 0.7867916226387024,
  "quantile_25": -0.02081066183745861,
  "quantile_50": 0.0044212909415364265,
  "quantile_75": 0.03190656751394272,
  "timestamp": "2025-04-29T22:20:15.034043",
  "epoch": 9,
  "batch": null
}