{
  "mean": -1.5728019207017496e-06,
  "std": 0.005217535886913538,
  "min": -0.01677943393588066,
  "max": 0.02456381358206272,
  "norm": 0.11794400960206985,
  "quantile_25": -0.0032320653554052114,
  "quantile_50": 0.0001791046524886042,
  "quantile_75": 0.0030269669368863106,
  "timestamp": "2025-04-29T22:20:15.006413",
  "epoch": 9,
  "batch": null
}