{
  "mean": -1.631971463211812e-05,
  "std": 0.0007391208782792091,
  "min": -0.016804585233330727,
  "max": 0.004152186214923859,
  "norm": 0.5352870225906372,
  "quantile_25": -0.00022133212769404054,
  "quantile_50": 2.6234724828100298e-06,
  "quantile_75": 0.00022508077381644398,
  "timestamp": "2025-04-29T22:20:15.003386",
  "epoch": 9,
  "batch": null
}