{
  "mean": -9.881856385618448e-06,
  "std": 0.020289218053221703,
  "min": -0.07922647893428802,
  "max": 0.06621537357568741,
  "norm": 0.32399284839630127,
  "quantile_25": -0.010581090115010738,
  "quantile_50": 0.00011241863103350624,
  "quantile_75": 0.009904056787490845,
  "timestamp": "2025-04-29T22:20:15.026536",
  "epoch": 9,
  "batch": null
}