{
  "mean": 1.8775825338934737e-10,
  "std": 2.000506871269181e-09,
  "min": -4.6566128730773926e-09,
  "max": 1.3969838619232178e-08,
  "norm": 3.2086475698633876e-08,
  "quantile_25": -6.402842700481415e-10,
  "quantile_50": 0.0,
  "quantile_75": 7.566995918750763e-10,
  "timestamp": "2025-04-29T22:20:15.025865",
  "epoch": 9,
  "batch": null
}