{
  "mean": 0.005323450081050396,
  "std": 0.06851282715797424,
  "min": -0.13833093643188477,
  "max": 0.18181079626083374,
  "norm": 0.7744458317756653,
  "quantile_25": -0.032316796481609344,
  "quantile_50": 0.0032212648075073957,
  "quantile_75": 0.03203091770410538,
  "timestamp": "2025-04-29T22:20:15.034839",
  "epoch": 9,
  "batch": null
}