{
  "mean": -2.393160669633687e-11,
  "std": 5.635434341400014e-10,
  "min": -3.725290298461914e-09,
  "max": 1.862645149230957e-09,
  "norm": 1.2750576594555696e-08,
  "quantile_25": -2.3283064365386963e-10,
  "quantile_50": 0.0,
  "quantile_75": 2.3010215954855084e-10,
  "timestamp": "2025-04-29T22:20:15.005842",
  "epoch": 9,
  "batch": null
}