{
  "mean": 3.0994415283203125e-06,
  "std": NaN,
  "min": 3.0994415283203125e-06,
  "max": 3.0994415283203125e-06,
  "norm": 3.0994415283203125e-06,
  "quantile_25": 3.0994415283203125e-06,
  "quantile_50": 3.0994415283203125e-06,
  "quantile_75": 3.0994415283203125e-06,
  "timestamp": "2025-04-29T22:20:15.038227",
  "epoch": 9,
  "batch": null
}