{
  "mean": 0.004431671462953091,
  "std": 0.23708927631378174,
  "min": -3.064074754714966,
  "max": 5.257525444030762,
  "norm": 85.84957122802734
}