{
  "mean": 0.0027156404685229063,
  "std": 0.0583164244890213,
  "min": -0.63714998960495,
  "max": 1.0217485427856445,
  "norm": 42.26985168457031
}