{
  "mean": 1.9641127437353134e-05,
  "std": 0.10135553032159805,
  "min": -0.3588072955608368,
  "max": 0.6128336787223816,
  "norm": 2.291172981262207
}