{
  "mean": -0.002428607549518347,
  "std": 0.09299296140670776,
  "min": -0.34552162885665894,
  "max": 0.3005375266075134,
  "norm": 2.1028525829315186
}