{
  "mean": -0.09280485659837723,
  "std": 0.3089372515678406,
  "min": -0.9929637312889099,
  "max": 0.71518474817276,
  "norm": 3.636425733566284
}