{
  "mean": 3.026627837243723e-10,
  "std": 6.144698971866092e-08,
  "min": -2.980232238769531e-07,
  "max": 3.8743019104003906e-07,
  "norm": 1.3890451100451173e-06
}