{
  "mean": -0.003895169822499156,
  "std": 0.38375359773635864,
  "min": -4.259519577026367,
  "max": 3.3948874473571777,
  "norm": 69.46923065185547
}