{
  "mean": 0.00101016229018569,
  "std": 0.13558466732501984,
  "min": -0.4852784276008606,
  "max": 0.42342883348464966,
  "norm": 2.1651740074157715
}