{
  "mean": -0.053634945303201675,
  "std": 0.30553874373435974,
  "min": -1.0270947217941284,
  "max": 0.665966808795929,
  "norm": 3.496307611465454
}