{
  "mean": 5.1305629312992096e-05,
  "std": 0.1556011289358139,
  "min": -0.6791800856590271,
  "max": 0.5459112524986267,
  "norm": 2.484750986099243
}