{
  "mean": 1.1531255950103514e-09,
  "std": 2.8319863787373833e-08,
  "min": -1.0081566870212555e-07,
  "max": 1.7881393432617188e-07,
  "norm": 4.5260816250447533e-07
}