{
  "mean": -2.5225510569271137e-09,
  "std": 5.849823381254282e-08,
  "min": -2.384185791015625e-07,
  "max": 2.1606683731079102e-07,
  "norm": 6.598590971407248e-07
}