{
  "mean": -4.267277717590332,
  "std": 3.7111144065856934,
  "min": -12.136651992797852,
  "max": 0.13227272033691406,
  "norm": 63.87430953979492
}