{
  "mean": -9.317939758300781,
  "std": NaN,
  "min": -9.317939758300781,
  "max": -9.317939758300781,
  "norm": 9.317939758300781
}