{
  "mean": -7.98317341832444e-06,
  "std": 0.007082361727952957,
  "min": -0.0192883163690567,
  "max": 0.025805242359638214,
  "norm": 0.1600990742444992,
  "quantile_25": -0.0044863661751151085,
  "quantile_50": 0.0,
  "quantile_75": 0.004011507146060467,
  "timestamp": "2025-04-30T18:03:11.022130",
  "epoch": 9,
  "batch": null
}