{
  "mean": -3.3853808645289973e-11,
  "std": 1.8322139361259815e-09,
  "min": -7.450580596923828e-09,
  "max": 1.0710209608078003e-08,
  "norm": 2.9263123479950082e-08,
  "quantile_25": -6.984919309616089e-10,
  "quantile_50": 0.0,
  "quantile_75": 4.656612873077393e-10,
  "timestamp": "2025-04-30T18:03:11.033951",
  "epoch": 9,
  "batch": null
}