{
  "mean": -0.0002345196553505957,
  "std": 0.03409585356712341,
  "min": -0.30037644505500793,
  "max": 0.34850117564201355,
  "norm": 6.172051906585693,
  "quantile_25": -0.006699481047689915,
  "quantile_50": 0.0,
  "quantile_75": 0.005724226590245962,
  "timestamp": "2025-04-30T18:03:11.039303",
  "epoch": 9,
  "batch": null
}