{
  "mean": -7.253077637869865e-05,
  "std": 0.018454372882843018,
  "min": -0.19041775166988373,
  "max": 0.14641264081001282,
  "norm": 6.681201457977295,
  "quantile_25": -0.004233201965689659,
  "quantile_50": 0.0,
  "quantile_75": 0.0039704302325844765,
  "timestamp": "2025-04-30T18:03:11.032443",
  "epoch": 9,
  "batch": null
}