{
  "mean": 6.45741238258779e-10,
  "std": 4.0671941370362674e-09,
  "min": -7.450580596923828e-09,
  "max": 2.2351741790771484e-08,
  "norm": 4.6413539678269444e-08,
  "quantile_25": -1.3096723705530167e-09,
  "quantile_50": 0.0,
  "quantile_75": 1.2441887520253658e-09,
  "timestamp": "2025-04-30T18:03:11.050720",
  "epoch": 9,
  "batch": null
}