{
  "mean": 2.1259438653942198e-11,
  "std": 0.01580010913312435,
  "min": -0.22604306042194366,
  "max": 0.3169451057910919,
  "norm": 4.044785499572754,
  "quantile_25": -0.0035423897206783295,
  "quantile_50": 0.0,
  "quantile_75": 0.0034691726323217154,
  "timestamp": "2025-04-30T18:03:11.018357",
  "epoch": 9,
  "batch": null
}