{
  "mean": 0.0046643721871078014,
  "std": 0.02031136490404606,
  "min": -0.05362316220998764,
  "max": 0.06752318888902664,
  "norm": 0.2349018156528473,
  "quantile_25": -0.006562069524079561,
  "quantile_50": 0.0003607115941122174,
  "quantile_75": 0.015938078984618187,
  "timestamp": "2025-04-30T18:03:11.051445",
  "epoch": 9,
  "batch": null
}