{
  "mean": 4.591958713717759e-06,
  "std": 0.00815166998654604,
  "min": -0.023432934656739235,
  "max": 0.03571833297610283,
  "norm": 0.18427106738090515,
  "quantile_25": -0.004572935402393341,
  "quantile_50": 0.0,
  "quantile_75": 0.0035957167856395245,
  "timestamp": "2025-04-30T18:03:11.021229",
  "epoch": 9,
  "batch": null
}