{
  "mean": 1.0450058596234157e-09,
  "std": 1.5996187485711744e-08,
  "min": -1.0989606380462646e-07,
  "max": 1.1920928955078125e-07,
  "norm": 3.6237105405234615e-07,
  "quantile_25": -2.7939677238464355e-09,
  "quantile_50": 0.0,
  "quantile_75": 2.7939677238464355e-09,
  "timestamp": "2025-04-30T18:03:11.020457",
  "epoch": 9,
  "batch": null
}