{
  "mean": -3.725290298461914e-09,
  "std": 0.31463301181793213,
  "min": -0.3161683678627014,
  "max": 0.41961216926574707,
  "norm": 0.5449603796005249,
  "quantile_25": -0.18406042456626892,
  "quantile_50": -0.051721908152103424,
  "quantile_75": 0.1323385089635849,
  "timestamp": "2025-04-30T18:03:11.054290",
  "epoch": 9,
  "batch": null
}