{
    "train_loss": [
        1.3936510682106018,
        1.165492832660675,
        1.0487345159053802,
        0.9189889132976532,
        0.8425443470478058,
        0.7527441531419754,
        0.6399647444486618,
        0.7967702299356461,
        0.7960100024938583,
        0.8962404429912567,
        0.7456657588481903,
        0.8127803653478622,
        0.6352784335613251,
        0.6102935969829559,
        0.6492324769496918
    ],
    "val_loss": [
        1.4144703149795532,
        1.394673228263855,
        1.3768888711929321,
        1.3615249395370483,
        1.333318829536438,
        1.2741985321044922,
        1.2405656576156616,
        1.2694517374038696,
        1.2853952646255493,
        1.2939361333847046,
        1.305513858795166,
        1.3633203506469727,
        1.3729500770568848,
        1.493751883506775,
        1.5061990022659302
    ],
    "best_val_loss": 1.2405656576156616,
    "training_time": 35.66324210166931
}