{
    "train_loss": [
        3684.992431640625,
        302258.40625,
        15764.8154296875,
        75537.1328125,
        16425.974609375,
        19880.173828125
    ],
    "val_loss": [
        427448.9375,
        35822.7578125,
        93631.25,
        6711.55908203125,
        22518.037109375,
        38918.97265625
    ],
    "best_val_loss": 6711.55908203125,
    "training_time": 47.29750394821167,
    "metrics": {
        "train": {
            "mse": [
                3684.992431640625,
                302258.40625,
                15764.81640625,
                75537.1328125,
                16425.97265625,
                19880.173828125
            ],
            "rmse": [
                60.704138505052725,
                549.7803254482649,
                125.55802007936411,
                274.84019504522985,
                128.1638508170303,
                140.99707028206296
            ],
            "mae": [
                45.01974868774414,
                530.88818359375,
                110.06591796875,
                255.1514129638672,
                107.03271484375,
                131.6271514892578
            ],
            "r2": [
                -51.91764831542969,
                -4339.525390625,
                -225.38771057128906,
                -1083.7369384765625,
                -234.8821258544922,
                -284.48553466796875
            ],
            "explained_variance": [
                -45.38111114501953,
                -292.1824035644531,
                -166.10130310058594,
                -148.84849548339844,
                -90.28504180908203,
                -221.54258728027344
            ],
            "max_error": [
                140.23162841796875,
                680.0771484375,
                197.65689086914062,
                430.4356689453125,
                262.3758544921875,
                202.54745483398438
            ],
            "mape": [
                142.59132385253906,
                3105.340087890625,
                701.4974975585938,
                1413.5960693359375,
                364.7330627441406,
                612.3021850585938
            ]
        },
        "val": {
            "mse": [
                427448.96875,
                35822.7578125,
                93631.25,
                6711.55908203125,
                22518.037109375,
                38918.97265625
            ],
            "rmse": [
                653.7958157941973,
                189.26900911797472,
                305.99223846365777,
                81.9241056224067,
                150.06011165321382,
                197.2789209628084
            ],
            "mae": [
                653.7323608398438,
                189.1544647216797,
                305.943359375,
                81.77247619628906,
                149.97897338867188,
                197.21505737304688
            ],
            "r2": [
                -13635.068359375,
                -1141.7833251953125,
                -2985.9345703125,
                -213.10574340820312,
                -717.3489379882812,
                -1240.555908203125
            ],
            "explained_variance": [
                -1.6447687149047852,
                -0.38275980949401855,
                0.045666396617889404,
                0.2081795334815979,
                0.22340929508209229,
                0.19640767574310303
            ],
            "max_error": [
                673.7674560546875,
                194.03990173339844,
                311.9652404785156,
                85.8132095336914,
                161.74395751953125,
                209.4000244140625
            ],
            "mape": [
                4211.04638671875,
                1083.522216796875,
                1837.1474609375,
                437.7381286621094,
                1010.8997192382812,
                1308.7501220703125
            ]
        }
    }
}