{
    "train_loss": [
        41.310916900634766,
        40.78350067138672,
        62.89981460571289,
        67.4945068359375,
        62.257389068603516,
        67.58588409423828,
        26.247358322143555,
        50.868534088134766,
        37.97160339355469,
        57.11740493774414,
        45.688053131103516,
        30.70526695251465,
        34.55613327026367,
        24.4825496673584,
        26.929920196533203,
        31.152925491333008,
        38.655174255371094,
        21.290571212768555,
        28.080827713012695,
        29.08759880065918,
        29.4332218170166,
        24.312990188598633,
        22.144298553466797,
        32.563602447509766
    ],
    "val_loss": [
        59.12556838989258,
        82.76075744628906,
        65.81310272216797,
        70.4557113647461,
        76.75676727294922,
        48.41275405883789,
        84.37469482421875,
        73.47269439697266,
        74.58110809326172,
        73.74895477294922,
        46.27194595336914,
        41.52842330932617,
        33.54956817626953,
        28.55413818359375,
        42.308937072753906,
        31.60130500793457,
        41.162837982177734,
        51.899532318115234,
        50.59097671508789,
        48.75455856323242,
        35.327640533447266,
        30.079790115356445,
        37.31779861450195,
        34.862579345703125
    ],
    "metrics": {
        "train": {
            "accuracy": [
                0.09090909361839294,
                0.3636363744735718,
                0.3636363744735718,
                0.27272728085517883,
                0.27272728085517883,
                0.1818181872367859,
                0.09090909361839294,
                0.3636363744735718,
                0.27272728085517883,
                0.1818181872367859,
                0.09090909361839294,
                0.27272728085517883,
                0.3636363744735718,
                0.3636363744735718,
                0.3636363744735718,
                0.1818181872367859,
                0.1818181872367859,
                0.27272728085517883,
                0.3636363744735718,
                0.27272728085517883,
                0.27272728085517883,
                0.09090909361839294,
                0.09090909361839294,
                0.3636363744735718
            ],
            "f1_score": [
                0.07142857142857142,
                0.25555555555555554,
                0.10666666666666666,
                0.09230769230769231,
                0.22999999999999998,
                0.18,
                0.05714285714285714,
                0.19230769230769232,
                0.1393939393939394,
                0.09,
                0.05714285714285714,
                0.18888888888888888,
                0.17575757575757572,
                0.18666666666666668,
                0.2942857142857143,
                0.12380952380952381,
                0.12380952380952381,
                0.13,
                0.13333333333333333,
                0.13333333333333333,
                0.1,
                0.06666666666666667,
                0.06666666666666667,
                0.2
            ],
            "precision": [
                0.14285714285714285,
                0.21333333333333332,
                0.07272727272727272,
                0.06,
                0.2,
                0.15,
                0.04,
                0.26666666666666666,
                0.12380952380952381,
                0.07857142857142857,
                0.06666666666666667,
                0.18,
                0.13571428571428573,
                0.15,
                0.24666666666666667,
                0.09,
                0.15,
                0.10714285714285714,
                0.1,
                0.10666666666666666,
                0.075,
                0.06666666666666667,
                0.06666666666666667,
                0.18333333333333332
            ],
            "recall": [
                0.047619047619047616,
                0.36666666666666664,
                0.2,
                0.2,
                0.36666666666666664,
                0.3,
                0.1,
                0.21666666666666665,
                0.16666666666666666,
                0.11666666666666665,
                0.05,
                0.2,
                0.25,
                0.25,
                0.4666666666666666,
                0.26666666666666666,
                0.11666666666666665,
                0.18333333333333332,
                0.2,
                0.18333333333333332,
                0.15,
                0.06666666666666667,
                0.06666666666666667,
                0.25
            ]
        },
        "val": {
            "accuracy": [
                0.0,
                0.1428571492433548,
                0.2857142984867096,
                0.1428571492433548,
                0.1428571492433548,
                0.2857142984867096,
                0.1428571492433548,
                0.1428571492433548,
                0.2857142984867096,
                0.2857142984867096,
                0.2857142984867096,
                0.1428571492433548,
                0.2857142984867096,
                0.1428571492433548,
                0.1428571492433548,
                0.2857142984867096,
                0.2857142984867096,
                0.1428571492433548,
                0.1428571492433548,
                0.1428571492433548,
                0.2857142984867096,
                0.2857142984867096,
                0.2857142984867096,
                0.2857142984867096
            ],
            "f1_score": [
                0.0,
                0.05,
                0.08888888888888888,
                0.05,
                0.05,
                0.08888888888888888,
                0.05,
                0.05,
                0.08888888888888888,
                0.08888888888888888,
                0.08888888888888888,
                0.05,
                0.08888888888888888,
                0.05,
                0.05,
                0.08888888888888888,
                0.08888888888888888,
                0.05,
                0.05,
                0.05,
                0.08888888888888888,
                0.08888888888888888,
                0.08888888888888888,
                0.08888888888888888
            ],
            "precision": [
                0.0,
                0.02857142857142857,
                0.05714285714285714,
                0.02857142857142857,
                0.02857142857142857,
                0.05714285714285714,
                0.02857142857142857,
                0.02857142857142857,
                0.05714285714285714,
                0.05714285714285714,
                0.05714285714285714,
                0.02857142857142857,
                0.05714285714285714,
                0.02857142857142857,
                0.02857142857142857,
                0.05714285714285714,
                0.05714285714285714,
                0.02857142857142857,
                0.02857142857142857,
                0.02857142857142857,
                0.05714285714285714,
                0.05714285714285714,
                0.05714285714285714,
                0.05714285714285714
            ],
            "recall": [
                0.0,
                0.2,
                0.2,
                0.2,
                0.2,
                0.2,
                0.2,
                0.2,
                0.2,
                0.2,
                0.2,
                0.2,
                0.2,
                0.2,
                0.2,
                0.2,
                0.2,
                0.2,
                0.2,
                0.2,
                0.2,
                0.2,
                0.2,
                0.2
            ]
        }
    },
    "best_val_loss": 28.55413818359375,
    "training_time": 193.193696975708
}