{
    "train_loss": [
        78.48594776276619,
        77.74941561298985,
        77.24592959496283,
        77.12486845447171,
        76.891114265688,
        76.91360621298513,
        76.73194639144405,
        76.7169075012207,
        76.60636434247417,
        76.47320839666551,
        76.75612381965884,
        76.57938889534243,
        76.49832473262664,
        76.50833917433216,
        76.42619016093593,
        76.42500219037456
    ],
    "val_loss": [
        85.92445373535156,
        85.99028778076172,
        85.9620869954427,
        85.8522466023763,
        85.7455062866211,
        85.77216974894206,
        85.67523956298828,
        85.70830917358398,
        85.74615859985352,
        85.74164962768555,
        85.78040059407552,
        85.82977930704753,
        85.80551528930664,
        85.77331924438477,
        85.79300053914388,
        85.8455301920573
    ],
    "best_val_loss": 85.67523956298828,
    "training_time": 12.27236795425415
}