{
    "train_loss": [
        3807.28662109375,
        329121.71875,
        7626.59716796875,
        94718.71875,
        23652.138671875,
        15473.0224609375,
        34336.015625,
        13242.125,
        2888.0546875,
        9094.0166015625,
        12819.453125,
        15587.916015625,
        3132.52490234375,
        1982.9285888671875,
        2780.89599609375,
        7874.01123046875,
        5425.99560546875,
        5889.8427734375,
        3525.612548828125,
        3590.2890625,
        2021.766357421875,
        4096.88623046875,
        4382.18115234375
    ],
    "val_loss": [
        484827.78125,
        17309.119140625,
        116422.328125,
        13268.1181640625,
        16086.5927734375,
        41398.7421875,
        15309.9521484375,
        80.81922912597656,
        8775.1416015625,
        14462.7138671875,
        10977.6435546875,
        3331.212646484375,
        79.90201568603516,
        2317.798828125,
        6687.0068359375,
        6729.07080078125,
        4165.12060546875,
        1592.0062255859375,
        178.71253967285156,
        310.8699645996094,
        917.4524536132812,
        894.0166015625,
        375.88714599609375
    ],
    "metrics": {
        "train": {
            "mse": [
                3807.28662109375,
                329121.71875,
                7626.59716796875,
                94718.71875,
                23652.138671875,
                15473.0224609375,
                34336.015625,
                13242.125,
                2888.0546875,
                9094.0166015625,
                12819.453125,
                15587.916015625,
                3132.52490234375,
                1982.9285888671875,
                2780.89599609375,
                7874.01123046875,
                5425.99560546875,
                5889.8427734375,
                3525.612548828125,
                3590.2890625,
                2021.766357421875,
                4096.88623046875,
                4382.18115234375
            ],
            "mae": [
                46.671688079833984,
                555.5512084960938,
                71.97136688232422,
                283.7593078613281,
                137.15245056152344,
                113.4511947631836,
                181.12860107421875,
                105.52556610107422,
                43.85730743408203,
                88.27485656738281,
                95.91683959960938,
                110.97083282470703,
                40.118167877197266,
                33.220279693603516,
                45.46633529663086,
                81.35226440429688,
                62.414100646972656,
                60.50959777832031,
                50.219600677490234,
                45.07290267944336,
                38.44183349609375,
                55.388980865478516,
                56.95869445800781
            ]
        },
        "val": {
            "mse": [
                484827.78125,
                17309.119140625,
                116422.328125,
                13268.1181640625,
                16086.5927734375,
                41398.7421875,
                15309.9521484375,
                80.81922912597656,
                8775.1416015625,
                14462.7138671875,
                10977.6435546875,
                3331.212646484375,
                79.90201568603516,
                2317.798828125,
                6687.0068359375,
                6729.07080078125,
                4165.12060546875,
                1592.0062255859375,
                178.71253967285156,
                310.8699645996094,
                917.4524536132812,
                894.0166015625,
                375.88714599609375
            ],
            "mae": [
                696.1637573242188,
                131.10812377929688,
                341.0539245605469,
                114.76078033447266,
                126.42887878417969,
                203.24549865722656,
                123.40473937988281,
                7.250535011291504,
                93.2522201538086,
                119.95118713378906,
                104.41551971435547,
                57.05648422241211,
                8.516138076782227,
                47.3344612121582,
                81.29627990722656,
                81.55119323730469,
                63.92383575439453,
                38.895347595214844,
                9.963858604431152,
                15.790677070617676,
                28.943613052368164,
                28.53378677368164,
                17.226444244384766
            ]
        }
    },
    "best_val_loss": 79.90201568603516,
    "training_time": 194.81918382644653
}