{
  "mean": -5.356249809265137,
  "std": 5.8932695388793945,
  "min": -17.880531311035156,
  "max": 0.0,
  "norm": 89.90570068359375
}