{
  "mean": -1.607312156634566e-12,
  "std": 0.0013131806626915932,
  "min": -0.01251086313277483,
  "max": 0.03393852710723877,
  "norm": 0.05912230163812637,
  "quantile_25": -9.991823753807694e-05,
  "quantile_50": 0.0,
  "quantile_75": 0.00012746166612487286,
  "timestamp": "2025-04-28T17:18:50.358538",
  "epoch": 5,
  "batch": null
}