{
  "mean": -7.259400831571838e-07,
  "std": 0.04086107388138771,
  "min": -0.5337541103363037,
  "max": 0.4811588227748871,
  "norm": 31.379863739013672,
  "quantile_25": -0.009576456621289253,
  "quantile_50": 1.527721542515792e-05,
  "quantile_75": 0.01008673571050167,
  "timestamp": "2025-04-28T17:18:51.928920",
  "epoch": 5,
  "batch": null
}