{
  "mean": 0.01878291368484497,
  "std": 0.1071595847606659,
  "min": -0.248424232006073,
  "max": 0.3300962746143341,
  "norm": 1.5036700963974,
  "quantile_25": -0.05175730213522911,
  "quantile_50": 0.01553165540099144,
  "quantile_75": 0.08923953026533127,
  "timestamp": "2025-04-28T17:18:49.918318",
  "epoch": 5,
  "batch": null
}