{
  "mean": 0.006250843871384859,
  "std": 0.11111503839492798,
  "min": -0.36533981561660767,
  "max": 0.3643870949745178,
  "norm": 2.178011178970337,
  "quantile_25": -0.07172554731369019,
  "quantile_50": 0.007460970431566238,
  "quantile_75": 0.07813544571399689,
  "timestamp": "2025-04-28T17:18:51.115080",
  "epoch": 5,
  "batch": null
}