{
  "mean": -1.2935036375338882e-10,
  "std": 0.11128069460391998,
  "min": -2.0798280239105225,
  "max": 1.72773015499115,
  "norm": 170.86082458496094,
  "quantile_25": -0.01984603889286518,
  "quantile_50": -3.821655991487205e-05,
  "quantile_75": 0.01967644691467285,
  "timestamp": "2025-04-28T17:18:54.494734",
  "epoch": 5,
  "batch": null
}