{
  "mean": -0.00042314393795095384,
  "std": 0.06162923946976662,
  "min": -0.48713764548301697,
  "max": 0.8128212094306946,
  "norm": 11.832904815673828,
  "quantile_25": -0.007842483930289745,
  "quantile_50": -1.0754696631920524e-05,
  "quantile_75": 0.006292868405580521,
  "timestamp": "2025-04-28T17:18:49.844889",
  "epoch": 5,
  "batch": null
}