{
  "mean": -0.001637703157030046,
  "std": 0.08859941363334656,
  "min": -0.23338943719863892,
  "max": 0.2837255597114563,
  "norm": 1.7342215776443481,
  "quantile_25": -0.0633067935705185,
  "quantile_50": 0.00016256154049187899,
  "quantile_75": 0.05553259700536728,
  "timestamp": "2025-04-28T17:18:50.459583",
  "epoch": 5,
  "batch": null
}