{
  "mean": -0.0005915382062084973,
  "std": 0.17052757740020752,
  "min": -0.46507465839385986,
  "max": 0.4841962456703186,
  "norm": 1.6621073484420776,
  "quantile_25": -0.11111848056316376,
  "quantile_50": -0.025162354111671448,
  "quantile_75": 0.1252128630876541,
  "timestamp": "2025-04-28T17:18:49.737624",
  "epoch": 5,
  "batch": null
}