{
  "mean": -0.0030317523051053286,
  "std": 0.0741695910692215,
  "min": -0.36759936809539795,
  "max": 0.32615283131599426,
  "norm": 2.9083244800567627,
  "quantile_25": -0.03270021826028824,
  "quantile_50": -0.0005553201190195978,
  "quantile_75": 0.027082663029432297,
  "timestamp": "2025-04-28T17:18:51.517569",
  "epoch": 5,
  "batch": null
}