{
  "mean": -5.18932188886545e-11,
  "std": 0.0012400418054312468,
  "min": -0.009375570341944695,
  "max": 0.006272944156080484,
  "norm": 0.027894049882888794,
  "quantile_25": -0.0003272691392339766,
  "quantile_50": -1.226891799888108e-05,
  "quantile_75": 0.0003467545611783862,
  "timestamp": "2025-04-28T17:18:49.739850",
  "epoch": 5,
  "batch": null
}