{
  "mean": 4.536601409199648e-06,
  "std": 0.03826463222503662,
  "min": -0.5633966326713562,
  "max": 0.502265989780426,
  "norm": 29.385982513427734,
  "quantile_25": -0.010260507464408875,
  "quantile_50": 1.6141488231369294e-05,
  "quantile_75": 0.010493827052414417,
  "timestamp": "2025-04-28T17:18:51.306515",
  "epoch": 5,
  "batch": null
}