{
  "mean": 0.0,
  "std": 0.08809343725442886,
  "min": -0.23351570963859558,
  "max": 0.2112365961074829,
  "norm": 1.2174755334854126,
  "quantile_25": -0.06314858794212341,
  "quantile_50": -0.0021215565502643585,
  "quantile_75": 0.06855230033397675,
  "timestamp": "2025-04-28T17:18:49.916163",
  "epoch": 5,
  "batch": null
}