{
  "mean": -0.0018149480456486344,
  "std": 0.10596847534179688,
  "min": -0.38990652561187744,
  "max": 0.3925829529762268,
  "norm": 2.0741488933563232,
  "quantile_25": -0.053377389907836914,
  "quantile_50": 0.0002745306119322777,
  "quantile_75": 0.04375201091170311,
  "timestamp": "2025-04-28T17:18:50.656691",
  "epoch": 5,
  "batch": null
}