{
  "mean": 0.0007332954555749893,
  "std": 0.0836050808429718,
  "min": -0.21382911503314972,
  "max": 0.24184685945510864,
  "norm": 1.1554898023605347,
  "quantile_25": -0.05238877236843109,
  "quantile_50": -0.0006078919395804405,
  "quantile_75": 0.05581892654299736,
  "timestamp": "2025-04-28T17:18:49.964254",
  "epoch": 5,
  "batch": null
}