{
  "mean": -3.4021729788946686e-07,
  "std": 0.04845617339015007,
  "min": -0.581541121006012,
  "max": 0.9868576526641846,
  "norm": 18.606996536254883,
  "quantile_25": -0.010114194825291634,
  "quantile_50": -1.5375537259387784e-05,
  "quantile_75": 0.009087542071938515,
  "timestamp": "2025-04-28T17:18:49.957879",
  "epoch": 5,
  "batch": null
}