{
  "mean": -9.42757378652459e-06,
  "std": 0.04620013386011124,
  "min": -1.1248419284820557,
  "max": 1.1646995544433594,
  "norm": 30.727863311767578,
  "quantile_25": -0.0029935981146991253,
  "quantile_50": 1.693079866527114e-06,
  "quantile_75": 0.003026381367817521,
  "timestamp": "2025-04-28T17:18:51.699278",
  "epoch": 5,
  "batch": null
}