{
  "mean": -0.0023234793916344643,
  "std": 0.07005754113197327,
  "min": -0.3809024691581726,
  "max": 0.39622578024864197,
  "norm": 2.3781073093414307,
  "quantile_25": -0.0015642163343727589,
  "quantile_50": 0.0,
  "quantile_75": 0.00123251520562917,
  "timestamp": "2025-04-28T17:18:51.088925",
  "epoch": 5,
  "batch": null
}