{
  "mean": 0.023349376395344734,
  "std": 0.19905799627304077,
  "min": -0.21216356754302979,
  "max": 1.5481345653533936,
  "norm": 1.9536190032958984,
  "quantile_25": -0.03530992567539215,
  "quantile_50": -0.0032895361073315144,
  "quantile_75": 0.026184668764472008,
  "timestamp": "2025-04-28T17:18:49.736521",
  "epoch": 5,
  "batch": null
}