{
  "mean": -0.011666660197079182,
  "std": 0.08885041624307632,
  "min": -0.4787271022796631,
  "max": 0.46243566274642944,
  "norm": 1.238532543182373,
  "quantile_25": -0.04756385460495949,
  "quantile_50": -0.003929920494556427,
  "quantile_75": 0.024930991232395172,
  "timestamp": "2025-04-28T17:18:49.857458",
  "epoch": 5,
  "batch": null
}