{
  "mean": 0.00012618297478184104,
  "std": 0.095035120844841,
  "min": -1.9543299674987793,
  "max": 2.0549373626708984,
  "norm": 15.801872253417969,
  "quantile_25": -0.004734729416668415,
  "quantile_50": 4.6364455386083137e-08,
  "quantile_75": 0.004876120947301388,
  "timestamp": "2025-04-28T17:18:49.743031",
  "epoch": 5,
  "batch": null
}