{
  "mean": 0.001246641855686903,
  "std": 0.06550157070159912,
  "min": -0.3024666905403137,
  "max": 0.3157503008842468,
  "norm": 2.222634792327881,
  "quantile_25": -0.001578738447278738,
  "quantile_50": -4.3655745685100555e-11,
  "quantile_75": 0.0011591129004955292,
  "timestamp": "2025-04-28T17:18:51.393091",
  "epoch": 5,
  "batch": null
}