{
  "mean": 0.002620650688186288,
  "std": 0.05116938054561615,
  "min": -0.23982593417167664,
  "max": 0.20052000880241394,
  "norm": 1.0027203559875488,
  "quantile_25": -0.00900867860764265,
  "quantile_50": 0.00023172760847955942,
  "quantile_75": 0.016836583614349365,
  "timestamp": "2025-04-28T17:18:49.840764",
  "epoch": 5,
  "batch": null
}