{
  "mean": 5.432714833553121e-10,
  "std": 0.08107353746891022,
  "min": -0.2634964883327484,
  "max": 0.1804652214050293,
  "norm": 1.5866403579711914,
  "quantile_25": -0.05354033783078194,
  "quantile_50": 0.0020145319867879152,
  "quantile_75": 0.0525810532271862,
  "timestamp": "2025-04-28T17:18:51.614077",
  "epoch": 5,
  "batch": null
}