{
  "mean": -0.0006024963222444057,
  "std": 0.07070432603359222,
  "min": -0.19116750359535217,
  "max": 0.20106472074985504,
  "norm": 0.6891658306121826,
  "quantile_25": -0.04761378839612007,
  "quantile_50": -0.003758925711736083,
  "quantile_75": 0.045029692351818085,
  "timestamp": "2025-04-28T17:18:49.819598",
  "epoch": 5,
  "batch": null
}