{
  "mean": -9.293526090914384e-06,
  "std": 0.09245462715625763,
  "min": -0.8892593383789062,
  "max": 0.8429736495018005,
  "norm": 25.103904724121094,
  "quantile_25": -0.03125680610537529,
  "quantile_50": 5.5595119192730635e-05,
  "quantile_75": 0.030842958018183708,
  "timestamp": "2025-04-28T17:18:49.854680",
  "epoch": 5,
  "batch": null
}