{
  "mean": 2.2387562723796828e-12,
  "std": 0.0008723706705495715,
  "min": -0.01018666010349989,
  "max": 0.012138866819441319,
  "norm": 0.03927605226635933,
  "quantile_25": -9.685795521363616e-05,
  "quantile_50": 0.0,
  "quantile_75": 6.858076812932268e-05,
  "timestamp": "2025-04-28T17:18:50.985449",
  "epoch": 5,
  "batch": null
}