{
  "mean": -1.2417634698280722e-09,
  "std": 0.09203456342220306,
  "min": -0.25255975127220154,
  "max": 0.41504228115081787,
  "norm": 0.8970419764518738,
  "quantile_25": -0.026641935110092163,
  "quantile_50": -0.006184181664139032,
  "quantile_75": 0.024523627012968063,
  "timestamp": "2025-04-28T17:18:49.735583",
  "epoch": 5,
  "batch": null
}