{
  "mean": 0.001796908094547689,
  "std": 0.11993134021759033,
  "min": -0.5452830791473389,
  "max": 0.6052960753440857,
  "norm": 3.3218438625335693,
  "quantile_25": -0.056464895606040955,
  "quantile_50": 0.0017415829934179783,
  "quantile_75": 0.06278479844331741,
  "timestamp": "2025-04-28T17:18:53.758051",
  "epoch": 5,
  "batch": null
}