{
  "mean": -2.2403737602871843e-05,
  "std": 0.044977568089962006,
  "min": -0.7071805596351624,
  "max": 0.6960508227348328,
  "norm": 14.957376480102539,
  "quantile_25": -0.0005112062208354473,
  "quantile_50": 1.973797623122664e-07,
  "quantile_75": 0.0005156812258064747,
  "timestamp": "2025-04-28T17:18:49.890541",
  "epoch": 5,
  "batch": null
}