{
  "mean": -2.096606522172806e-06,
  "std": 0.041224341839551926,
  "min": -0.6842788457870483,
  "max": 0.7424724102020264,
  "norm": 27.418493270874023,
  "quantile_25": -0.0016476907767355442,
  "quantile_50": -7.887223318903125e-07,
  "quantile_75": 0.0016449368558824062,
  "timestamp": "2025-04-28T17:18:51.083606",
  "epoch": 5,
  "batch": null
}