{
  "mean": -6.4675179274609196e-12,
  "std": 0.04336624965071678,
  "min": -0.7477813363075256,
  "max": 0.6397166848182678,
  "norm": 33.30415344238281,
  "quantile_25": -0.015582110732793808,
  "quantile_50": -9.365241567138582e-06,
  "quantile_75": 0.015575803816318512,
  "timestamp": "2025-04-28T17:18:52.543238",
  "epoch": 5,
  "batch": null
}