{
  "mean": -0.0029750659596174955,
  "std": 0.07119937986135483,
  "min": -0.4299340844154358,
  "max": 0.2516627907752991,
  "norm": 1.3946185111999512,
  "quantile_25": -0.02208966575562954,
  "quantile_50": -0.0006086991052143276,
  "quantile_75": 0.018192987889051437,
  "timestamp": "2025-04-28T17:18:49.783770",
  "epoch": 5,
  "batch": null
}