{
  "mean": -0.00661690765991807,
  "std": 0.10484811663627625,
  "min": -0.35030117630958557,
  "max": 0.2952558100223541,
  "norm": 2.9095284938812256,
  "quantile_25": -0.07661643624305725,
  "quantile_50": -0.007296200841665268,
  "quantile_75": 0.06109946593642235,
  "timestamp": "2025-04-28T17:18:53.382998",
  "epoch": 5,
  "batch": null
}