{
  "mean": 0.017530662938952446,
  "std": 0.2686777710914612,
  "min": -1.1746717691421509,
  "max": 1.3521647453308105,
  "norm": 7.456811428070068,
  "quantile_25": -0.09930996596813202,
  "quantile_50": 0.0060607874765992165,
  "quantile_75": 0.13295598328113556,
  "timestamp": "2025-04-28T17:18:50.069190",
  "epoch": 5,
  "batch": null
}