{
  "mean": -4.680925940192537e-06,
  "std": 0.04285633936524391,
  "min": -0.33852240443229675,
  "max": 0.33431747555732727,
  "norm": 16.45673179626465,
  "quantile_25": -0.01825091987848282,
  "quantile_50": 7.08434236003086e-05,
  "quantile_75": 0.018322482705116272,
  "timestamp": "2025-04-28T17:18:51.414820",
  "epoch": 5,
  "batch": null
}