{
  "mean": -3.8805106350459084e-10,
  "std": 0.0770600438117981,
  "min": -0.16860352456569672,
  "max": 0.32321956753730774,
  "norm": 1.0649909973144531,
  "quantile_25": -0.05206983909010887,
  "quantile_50": -0.0037486031651496887,
  "quantile_75": 0.047178301960229874,
  "timestamp": "2025-04-28T17:18:49.987019",
  "epoch": 5,
  "batch": null
}