{
  "mean": 0.00045535212848335505,
  "std": 0.08386295288801193,
  "min": -0.38533154129981995,
  "max": 0.3610576391220093,
  "norm": 4.6474690437316895,
  "quantile_25": -0.03612254559993744,
  "quantile_50": -0.0001191061019198969,
  "quantile_75": 0.035556361079216,
  "timestamp": "2025-04-28T17:18:54.156321",
  "epoch": 5,
  "batch": null
}