{
  "mean": -0.0018363523995503783,
  "std": 0.08793599903583527,
  "min": -0.21853835880756378,
  "max": 0.2942558825016022,
  "norm": 1.2155660390853882,
  "quantile_25": -0.06993131339550018,
  "quantile_50": -0.011805634945631027,
  "quantile_75": 0.05570123344659805,
  "timestamp": "2025-04-28T17:18:49.988550",
  "epoch": 5,
  "batch": null
}