{
  "mean": -0.0012350914767012,
  "std": 0.27172043919563293,
  "min": -2.005418062210083,
  "max": 1.295959234237671,
  "norm": 13.039884567260742,
  "quantile_25": -0.003714456222951412,
  "quantile_50": 0.0,
  "quantile_75": 0.0032238210551440716,
  "timestamp": "2025-04-28T17:18:52.449161",
  "epoch": 5,
  "batch": null
}