{
  "mean": -0.003602231852710247,
  "std": 0.08249303698539734,
  "min": -0.24734872579574585,
  "max": 0.29888802766799927,
  "norm": 1.615963101387024,
  "quantile_25": -0.0559631884098053,
  "quantile_50": -0.0029508431907743216,
  "quantile_75": 0.05063735693693161,
  "timestamp": "2025-04-28T17:18:50.983625",
  "epoch": 5,
  "batch": null
}