{
  "mean": -1.0896839739871211e-05,
  "std": 0.05635922774672508,
  "min": -0.4630400240421295,
  "max": 0.48618578910827637,
  "norm": 21.641769409179688,
  "quantile_25": -0.019941430538892746,
  "quantile_50": 3.2952913898043334e-05,
  "quantile_75": 0.019901826977729797,
  "timestamp": "2025-04-28T17:18:50.165382",
  "epoch": 5,
  "batch": null
}