{
  "mean": 2.3315626094699837e-05,
  "std": 0.04220711439847946,
  "min": -1.8315870761871338,
  "max": 1.4558624029159546,
  "norm": 56.14328384399414,
  "quantile_25": -0.0018465896137058735,
  "quantile_50": 5.3807450939302726e-08,
  "quantile_75": 0.001851199776865542,
  "timestamp": "2025-04-28T17:18:52.436755",
  "epoch": 5,
  "batch": null
}