{
  "mean": -6.782938726246357e-07,
  "std": 0.041144292801618576,
  "min": -0.3418113887310028,
  "max": 0.33574870228767395,
  "norm": 7.899592876434326,
  "quantile_25": -0.01596011407673359,
  "quantile_50": 3.4523654903750867e-06,
  "quantile_75": 0.016259724274277687,
  "timestamp": "2025-04-28T17:18:49.915157",
  "epoch": 5,
  "batch": null
}