{
  "mean": 0.007994089275598526,
  "std": 0.07870613783597946,
  "min": -0.24431294202804565,
  "max": 0.30679529905319214,
  "norm": 0.7711208462715149,
  "quantile_25": -0.025266557931900024,
  "quantile_50": 0.0031692390330135822,
  "quantile_75": 0.022426562383770943,
  "timestamp": "2025-04-28T17:18:49.820310",
  "epoch": 5,
  "batch": null
}