{
  "mean": 1.9287745012253055e-11,
  "std": 0.0010257676476612687,
  "min": -0.010195652022957802,
  "max": 0.009970275685191154,
  "norm": 0.03264778107404709,
  "quantile_25": -4.524942778516561e-05,
  "quantile_50": 3.2044142699305667e-06,
  "quantile_75": 6.51726295473054e-05,
  "timestamp": "2025-04-28T17:18:49.964997",
  "epoch": 5,
  "batch": null
}