{
  "mean": -1.5522043372850902e-10,
  "std": 0.12373365461826324,
  "min": -0.446115642786026,
  "max": 0.3373815417289734,
  "norm": 2.421515464782715,
  "quantile_25": -0.07907234132289886,
  "quantile_50": 1.0356307029724121e-05,
  "quantile_75": 0.09029880166053772,
  "timestamp": "2025-04-28T17:18:50.757072",
  "epoch": 5,
  "batch": null
}