{
  "mean": 1.6409547924922663e-06,
  "std": 0.04474463313817978,
  "min": -0.406321257352829,
  "max": 0.41579675674438477,
  "norm": 17.181819915771484,
  "quantile_25": -0.016513066366314888,
  "quantile_50": 4.6022323658689857e-05,
  "quantile_75": 0.01656372845172882,
  "timestamp": "2025-04-28T17:18:51.724567",
  "epoch": 5,
  "batch": null
}