{
  "mean": 5.2819159463979304e-05,
  "std": 0.06657038629055023,
  "min": -0.7586339712142944,
  "max": 0.9415872097015381,
  "norm": 11.06892204284668,
  "quantile_25": -0.0033791966270655394,
  "quantile_50": 2.1848769392818213e-05,
  "quantile_75": 0.003314543515443802,
  "timestamp": "2025-04-28T17:18:49.796075",
  "epoch": 5,
  "batch": null
}