{
  "mean": 8.925174488361165e-10,
  "std": 0.07449658215045929,
  "min": -0.20398446917533875,
  "max": 0.1808880865573883,
  "norm": 1.4579267501831055,
  "quantile_25": -0.0481424480676651,
  "quantile_50": 0.003663707757368684,
  "quantile_75": 0.05135556310415268,
  "timestamp": "2025-04-28T17:18:51.934104",
  "epoch": 5,
  "batch": null
}