{
  "mean": -6.888480671290997e-12,
  "std": 0.00222609331831336,
  "min": -0.022319743409752846,
  "max": 0.019129330292344093,
  "norm": 0.1417551189661026,
  "quantile_25": -0.0002459640381857753,
  "quantile_50": 0.0,
  "quantile_75": 0.0002858385269064456,
  "timestamp": "2025-04-28T17:18:53.385359",
  "epoch": 5,
  "batch": null
}