{
  "mean": -8.06072148407111e-06,
  "std": 0.21116207540035248,
  "min": -4.4196038246154785,
  "max": 4.1875691413879395,
  "norm": 324.2370300292969,
  "quantile_25": -0.05588887631893158,
  "quantile_50": 2.2884082682139706e-06,
  "quantile_75": 0.056128792464733124,
  "timestamp": "2025-04-28T17:18:54.143267",
  "epoch": 5,
  "batch": null
}