{
  "mean": -3.1044086745701804e-10,
  "std": 0.12892694771289825,
  "min": -0.3725070655345917,
  "max": 0.33222365379333496,
  "norm": 2.5231499671936035,
  "quantile_25": -0.0869559496641159,
  "quantile_50": 0.0007550083100795746,
  "quantile_75": 0.08438588678836823,
  "timestamp": "2025-04-28T17:18:50.354866",
  "epoch": 5,
  "batch": null
}