{
  "mean": 1.0377137186878826e-05,
  "std": 0.041858941316604614,
  "min": -1.0098475217819214,
  "max": 0.9659437537193298,
  "norm": 27.84060287475586,
  "quantile_25": -0.0019889120012521744,
  "quantile_50": 1.9679596334754024e-06,
  "quantile_75": 0.0020016846247017384,
  "timestamp": "2025-04-28T17:18:51.389006",
  "epoch": 5,
  "batch": null
}