{
  "mean": -1.2417634698280722e-09,
  "std": 0.18988843262195587,
  "min": -0.5646296143531799,
  "max": 0.5983319878578186,
  "norm": 3.7161903381347656,
  "quantile_25": -0.11689005047082901,
  "quantile_50": -0.005590282380580902,
  "quantile_75": 0.11923141777515411,
  "timestamp": "2025-04-28T17:18:50.167540",
  "epoch": 5,
  "batch": null
}