{
  "mean": -0.011737254448235035,
  "std": 0.1060764417052269,
  "min": -0.3663603961467743,
  "max": 0.1888076215982437,
  "norm": 1.0402814149856567,
  "quantile_25": -0.0814276710152626,
  "quantile_50": -0.002502297982573509,
  "quantile_75": 0.06889812648296356,
  "timestamp": "2025-04-28T17:18:49.756073",
  "epoch": 5,
  "batch": null
}