{
  "mean": 4.7748093493282795e-05,
  "std": 0.09901915490627289,
  "min": -0.290008544921875,
  "max": 0.25166603922843933,
  "norm": 1.9378432035446167,
  "quantile_25": -0.06604133546352386,
  "quantile_50": 0.005817198194563389,
  "quantile_75": 0.06951404362916946,
  "timestamp": "2025-04-28T17:18:51.419086",
  "epoch": 5,
  "batch": null
}