{
  "mean": 5.432714833553121e-10,
  "std": 0.07182779908180237,
  "min": -0.20735928416252136,
  "max": 0.19519877433776855,
  "norm": 1.4056978225708008,
  "quantile_25": -0.04522212967276573,
  "quantile_50": -0.0006708738510496914,
  "quantile_75": 0.047716185450553894,
  "timestamp": "2025-04-28T17:18:51.727009",
  "epoch": 5,
  "batch": null
}