{
  "mean": -7.34771271604373e-12,
  "std": 0.0004355042183306068,
  "min": -0.006769557949155569,
  "max": 0.0016202592523768544,
  "norm": 0.013861079700291157,
  "quantile_25": -2.6813611839315854e-05,
  "quantile_50": 2.5750405256985687e-06,
  "quantile_75": 9.116550063481554e-05,
  "timestamp": "2025-04-28T17:18:49.858797",
  "epoch": 5,
  "batch": null
}