{
  "mean": -0.007324150297790766,
  "std": 0.09209675341844559,
  "min": -0.46622198820114136,
  "max": 0.32996639609336853,
  "norm": 1.8080744743347168,
  "quantile_25": -0.05021854490041733,
  "quantile_50": -0.00621561985462904,
  "quantile_75": 0.03559452295303345,
  "timestamp": "2025-04-28T17:18:51.418228",
  "epoch": 5,
  "batch": null
}