{
  "mean": 3.7188228191320505e-11,
  "std": 0.048414696007966995,
  "min": -0.7365734577178955,
  "max": 0.7240000367164612,
  "norm": 37.18132781982422,
  "quantile_25": -0.0197805967181921,
  "quantile_50": 2.047388261416927e-05,
  "quantile_75": 0.019764132797718048,
  "timestamp": "2025-04-28T17:18:53.751961",
  "epoch": 5,
  "batch": null
}