{
  "mean": -4.7867579269222915e-05,
  "std": 0.09435471147298813,
  "min": -1.3901346921920776,
  "max": 1.4299746751785278,
  "norm": 36.23179244995117,
  "quantile_25": -0.022025689482688904,
  "quantile_50": -1.6256279195658863e-05,
  "quantile_75": 0.02192852832376957,
  "timestamp": "2025-04-28T17:18:49.936053",
  "epoch": 5,
  "batch": null
}