{
  "mean": -1.9064149228142924e-06,
  "std": 0.04209964722394943,
  "min": -0.34770727157592773,
  "max": 0.35188397765159607,
  "norm": 16.166154861450195,
  "quantile_25": -0.018464570865035057,
  "quantile_50": 3.772588024730794e-05,
  "quantile_75": 0.018301956355571747,
  "timestamp": "2025-04-28T17:18:51.110654",
  "epoch": 5,
  "batch": null
}