{
  "mean": -0.002356460550799966,
  "std": 0.09113030135631561,
  "min": -0.402837336063385,
  "max": 0.43569082021713257,
  "norm": 1.544363021850586,
  "quantile_25": -0.008832184597849846,
  "quantile_50": -4.893081495538354e-10,
  "quantile_75": 0.0037461440078914165,
  "timestamp": "2025-04-28T17:18:49.749455",
  "epoch": 5,
  "batch": null
}