{
  "mean": -8.64208341226913e-05,
  "std": 0.17144875228405,
  "min": -0.46189913153648376,
  "max": 0.5257826447486877,
  "norm": 3.355318546295166,
  "quantile_25": -0.12346215546131134,
  "quantile_50": 0.00431668758392334,
  "quantile_75": 0.1199478879570961,
  "timestamp": "2025-04-28T17:18:49.856784",
  "epoch": 5,
  "batch": null
}