{
  "mean": 0.0043138242326676846,
  "std": 0.1605963110923767,
  "min": -0.4608296751976013,
  "max": 0.4609101712703705,
  "norm": 3.1440680027008057,
  "quantile_25": -0.10057491064071655,
  "quantile_50": 0.005080005154013634,
  "quantile_75": 0.10391802340745926,
  "timestamp": "2025-04-28T17:18:50.169753",
  "epoch": 5,
  "batch": null
}