{
  "mean": 0.0005287203821353614,
  "std": 0.10780246555805206,
  "min": -0.7152476906776428,
  "max": 0.49378475546836853,
  "norm": 2.985599994659424,
  "quantile_25": -0.04291732236742973,
  "quantile_50": 0.0014998477417975664,
  "quantile_75": 0.05052915960550308,
  "timestamp": "2025-04-28T17:18:53.381863",
  "epoch": 5,
  "batch": null
}