{
  "mean": 1.0431621433326654e-07,
  "std": 0.07980239391326904,
  "min": -0.7497639656066895,
  "max": 0.7371848225593567,
  "norm": 43.33667755126953,
  "quantile_25": -0.02733519859611988,
  "quantile_50": -3.4580784813442733e-06,
  "quantile_75": 0.027355805039405823,
  "timestamp": "2025-04-28T17:18:50.066043",
  "epoch": 5,
  "batch": null
}