{
  "mean": -0.0016918532783165574,
  "std": 0.11607828736305237,
  "min": -0.896533191204071,
  "max": 0.5307934284210205,
  "norm": 4.548323631286621,
  "quantile_25": -0.05031213164329529,
  "quantile_50": -0.0005188389914110303,
  "quantile_75": 0.045804738998413086,
  "timestamp": "2025-04-28T17:18:50.258135",
  "epoch": 5,
  "batch": null
}