{
  "mean": -3.320198811707087e-05,
  "std": 0.08788827806711197,
  "min": -1.127342939376831,
  "max": 1.3026020526885986,
  "norm": 33.74861145019531,
  "quantile_25": -0.018896326422691345,
  "quantile_50": 6.550380931003019e-06,
  "quantile_75": 0.019026732072234154,
  "timestamp": "2025-04-28T17:18:50.006231",
  "epoch": 5,
  "batch": null
}