{
  "mean": 0.001980455359444022,
  "std": 0.06756529957056046,
  "min": -0.29926541447639465,
  "max": 0.4072641432285309,
  "norm": 2.6482837200164795,
  "quantile_25": -0.024575594812631607,
  "quantile_50": 0.0004745201440528035,
  "quantile_75": 0.02954348735511303,
  "timestamp": "2025-04-28T17:18:51.836648",
  "epoch": 5,
  "batch": null
}