{
  "mean": -4.8200196033576503e-05,
  "std": 0.07958902418613434,
  "min": -1.1689294576644897,
  "max": 1.0443189144134521,
  "norm": 61.12092971801758,
  "quantile_25": -0.020610317587852478,
  "quantile_50": -3.5081052374152932e-06,
  "quantile_75": 0.02069287933409214,
  "timestamp": "2025-04-28T17:18:51.512146",
  "epoch": 5,
  "batch": null
}