{
  "mean": -0.00011972577340202406,
  "std": 0.11252396553754807,
  "min": -1.3360215425491333,
  "max": 1.6116193532943726,
  "norm": 21.60426139831543,
  "quantile_25": -0.016345089301466942,
  "quantile_50": 9.727706128614955e-06,
  "quantile_75": 0.0164125207811594,
  "timestamp": "2025-04-28T17:18:49.835080",
  "epoch": 5,
  "batch": null
}