{
  "mean": -0.005975124891847372,
  "std": 0.15342560410499573,
  "min": -1.0592604875564575,
  "max": 0.6083317399024963,
  "norm": 3.004880428314209,
  "quantile_25": -0.06881167739629745,
  "quantile_50": -0.003636970417574048,
  "quantile_75": 0.06612151116132736,
  "timestamp": "2025-04-28T17:18:50.071309",
  "epoch": 5,
  "batch": null
}