{
  "mean": -0.013687138445675373,
  "std": 0.5089558959007263,
  "min": -2.255115509033203,
  "max": 1.8923969268798828,
  "norm": 19.947635650634766,
  "quantile_25": -0.3481998145580292,
  "quantile_50": 0.0027714651077985764,
  "quantile_75": 0.32977724075317383,
  "timestamp": "2025-04-28T17:18:52.137393",
  "epoch": 5,
  "batch": null
}