{
  "mean": 3.7554826121777296e-05,
  "std": 0.18122072517871857,
  "min": -4.618919849395752,
  "max": 4.345487117767334,
  "norm": 278.2550354003906,
  "quantile_25": -0.029554538428783417,
  "quantile_50": 8.2659155964393e-08,
  "quantile_75": 0.029620395973324776,
  "timestamp": "2025-04-28T17:18:52.947161",
  "epoch": 5,
  "batch": null
}