{
  "mean": 0.002873537829145789,
  "std": 0.1080414280295372,
  "min": -0.3596389889717102,
  "max": 0.2905075252056122,
  "norm": 2.993241548538208,
  "quantile_25": -0.06785929203033447,
  "quantile_50": 0.001658497378230095,
  "quantile_75": 0.07474051415920258,
  "timestamp": "2025-04-28T17:18:52.550129",
  "epoch": 5,
  "batch": null
}