{
  "mean": 0.0001921645161928609,
  "std": 0.060243621468544006,
  "min": -0.2621403932571411,
  "max": 0.4359145164489746,
  "norm": 2.3603014945983887,
  "quantile_25": -0.026216696947813034,
  "quantile_50": 0.0004936595214530826,
  "quantile_75": 0.027317173779010773,
  "timestamp": "2025-04-28T17:18:50.558172",
  "epoch": 5,
  "batch": null
}