{
  "mean": -9.661875083111227e-06,
  "std": 0.0553770586848259,
  "min": -0.5739027857780457,
  "max": 0.5381330251693726,
  "norm": 21.26464080810547,
  "quantile_25": -0.022340018302202225,
  "quantile_50": 4.521530172496568e-06,
  "quantile_75": 0.02236601710319519,
  "timestamp": "2025-04-28T17:18:50.754787",
  "epoch": 5,
  "batch": null
}