{
  "mean": 5.432714833553121e-10,
  "std": 0.09124588966369629,
  "min": -0.24740037322044373,
  "max": 0.22661623358726501,
  "norm": 1.785717248916626,
  "quantile_25": -0.05875416845083237,
  "quantile_50": 0.0008868256118148565,
  "quantile_75": 0.06112493574619293,
  "timestamp": "2025-04-28T17:18:51.311722",
  "epoch": 5,
  "batch": null
}