{
  "mean": -0.001262720674276352,
  "std": 0.07661672681570053,
  "min": -0.36773625016212463,
  "max": 0.37818098068237305,
  "norm": 4.246415138244629,
  "quantile_25": -0.02149171009659767,
  "quantile_50": -5.9273566876072437e-05,
  "quantile_75": 0.021778885275125504,
  "timestamp": "2025-04-28T17:18:52.964078",
  "epoch": 5,
  "batch": null
}