{
  "mean": -0.002932719886302948,
  "std": 0.06817900389432907,
  "min": -0.19942961633205414,
  "max": 0.18185099959373474,
  "norm": 1.3355263471603394,
  "quantile_25": -0.052645064890384674,
  "quantile_50": -0.0037775696255266666,
  "quantile_75": 0.042648084461688995,
  "timestamp": "2025-04-28T17:18:51.314054",
  "epoch": 5,
  "batch": null
}