{
  "mean": 3.6864852837048545e-10,
  "std": 0.07747101038694382,
  "min": -0.23075523972511292,
  "max": 0.1883118599653244,
  "norm": 1.5161375999450684,
  "quantile_25": -0.04678850993514061,
  "quantile_50": 0.005573670845478773,
  "quantile_75": 0.05114557594060898,
  "timestamp": "2025-04-28T17:18:51.417146",
  "epoch": 5,
  "batch": null
}