{
  "mean": -3.385926675036899e-06,
  "std": 0.04193492606282234,
  "min": -0.7024784684181213,
  "max": 1.0336871147155762,
  "norm": 16.10280418395996,
  "quantile_25": -0.007012508809566498,
  "quantile_50": 1.758207508828491e-05,
  "quantile_75": 0.0066587477922439575,
  "timestamp": "2025-04-28T17:18:50.025960",
  "epoch": 5,
  "batch": null
}