{
  "mean": 4.613579221768305e-06,
  "std": 0.04790190979838371,
  "min": -2.370668888092041,
  "max": 2.307661294937134,
  "norm": 63.717647552490234,
  "quantile_25": -0.0057450588792562485,
  "quantile_50": -8.060085292527219e-07,
  "quantile_75": 0.005740486551076174,
  "timestamp": "2025-04-28T17:18:53.659683",
  "epoch": 5,
  "batch": null
}