{
  "mean": 0.0038941989187151194,
  "std": 0.06057550385594368,
  "min": -0.3050629496574402,
  "max": 0.2443573772907257,
  "norm": 1.6810917854309082,
  "quantile_25": -0.01691114343702793,
  "quantile_50": 0.002935805357992649,
  "quantile_75": 0.0245242640376091,
  "timestamp": "2025-04-28T17:18:50.008278",
  "epoch": 5,
  "batch": null
}