{
  "mean": 1.9402553175229542e-10,
  "std": 0.0744125172495842,
  "min": -0.2030981183052063,
  "max": 0.222841277718544,
  "norm": 1.4562816619873047,
  "quantile_25": -0.05277333781123161,
  "quantile_50": 0.0010185735300183296,
  "quantile_75": 0.04761052131652832,
  "timestamp": "2025-04-28T17:18:50.655342",
  "epoch": 5,
  "batch": null
}