{
  "mean": 0.001570898457430303,
  "std": 0.06502401828765869,
  "min": -0.30675166845321655,
  "max": 0.35632890462875366,
  "norm": 1.5596768856048584,
  "quantile_25": -0.001729596289806068,
  "quantile_50": -5.820766091346741e-11,
  "quantile_75": 0.0011448358418419957,
  "timestamp": "2025-04-28T17:18:49.980902",
  "epoch": 5,
  "batch": null
}