{
  "mean": -0.009079767391085625,
  "std": 0.10267578810453415,
  "min": -0.5707007050514221,
  "max": 0.398516446352005,
  "norm": 1.4245741367340088,
  "quantile_25": -0.04229922965168953,
  "quantile_50": -0.0033607855439186096,
  "quantile_75": 0.03459536284208298,
  "timestamp": "2025-04-28T17:18:49.917106",
  "epoch": 5,
  "batch": null
}