{
  "mean": -1.3581787604299844e-11,
  "std": 0.2756924629211426,
  "min": -6.710470676422119,
  "max": 2.7052502632141113,
  "norm": 24.158903121948242,
  "quantile_25": -9.278654163759587e-22,
  "quantile_50": 0.0,
  "quantile_75": 1.3339934266552183e-21,
  "timestamp": "2025-04-28T17:18:54.512384",
  "epoch": 5,
  "batch": null
}