{
  "mean": -4.656612873077393e-10,
  "std": 0.10439746081829071,
  "min": -0.09090909361839294,
  "max": 0.2717691659927368,
  "norm": 0.31319236755371094,
  "quantile_25": -0.06635687500238419,
  "quantile_50": 0.0,
  "quantile_75": 1.1004659443226587e-33,
  "timestamp": "2025-04-28T17:18:54.515811",
  "epoch": 5,
  "batch": null
}