{
  "mean": -3.3993274861643386e-09,
  "std": 0.6411569118499756,
  "min": -3.0449490547180176,
  "max": 6.4195332527160645,
  "norm": 22.929763793945312,
  "quantile_25": 0.0,
  "quantile_50": 0.0,
  "quantile_75": 4.834904692203034e-35,
  "timestamp": "2025-04-28T17:18:54.529343",
  "epoch": 5,
  "batch": null
}