{
  "mean": -0.00010122314415639266,
  "std": 0.22296392917633057,
  "min": -6.073320388793945,
  "max": 7.696112632751465,
  "norm": 69.9063949584961,
  "quantile_25": -0.03699839115142822,
  "quantile_50": 0.0,
  "quantile_75": 0.03705072030425072,
  "timestamp": "2025-04-28T17:18:54.526164",
  "epoch": 5,
  "batch": null
}