{
    "train_loss": [
        61.387535095214844,
        60.69168472290039,
        59.118282318115234,
        57.16779708862305,
        56.98394012451172,
        53.84233856201172,
        49.54674530029297,
        49.075469970703125,
        50.74587631225586,
        48.82444381713867,
        45.48651123046875,
        47.5680046081543,
        43.00162124633789,
        42.76691436767578,
        41.37311553955078,
        43.59478759765625,
        40.428916931152344,
        40.4487419128418,
        39.660980224609375,
        37.711326599121094,
        37.35622024536133,
        34.331024169921875,
        35.15726089477539,
        32.889747619628906,
        33.8839225769043,
        32.80457305908203,
        31.327844619750977,
        29.81523323059082,
        31.498098373413086,
        29.34874153137207,
        28.48086166381836,
        29.586681365966797,
        26.329586029052734,
        26.20260238647461,
        28.536884307861328,
        27.42074203491211,
        25.30180549621582,
        23.967409133911133,
        25.25888442993164,
        22.70408058166504,
        20.84560775756836,
        20.214405059814453,
        21.566911697387695,
        19.98253059387207,
        18.913331985473633
    ],
    "val_loss": [
        98.48039245605469,
        98.00252532958984,
        97.35276794433594,
        96.38243103027344,
        95.27252960205078,
        93.77178192138672,
        92.4781723022461,
        91.05743408203125,
        89.47380065917969,
        88.17426300048828,
        86.85935974121094,
        85.70269775390625,
        84.86397552490234,
        83.87934875488281,
        82.80467224121094,
        81.7625961303711,
        80.97898864746094,
        80.36329650878906,
        79.93559265136719,
        80.04588317871094,
        79.7704849243164,
        79.25184631347656,
        78.7961196899414,
        78.3209228515625,
        78.0115737915039,
        78.24693298339844,
        78.96095275878906,
        80.16510009765625,
        82.34740447998047,
        83.6972885131836,
        82.97663879394531,
        80.68071746826172,
        77.11134338378906,
        73.911865234375,
        71.40165710449219,
        69.5181655883789,
        69.12593078613281,
        73.81910705566406,
        80.24610900878906,
        85.46211242675781,
        90.53306579589844,
        91.37095642089844,
        90.38482666015625,
        89.71623229980469,
        88.0095443725586
    ],
    "metrics": {
        "train": {
            "mse": [
                0.0,
                0.0,
                0.0,
                0.0,
                0.0,
                0.0,
                0.0,
                0.0,
                0.0,
                0.0,
                0.0,
                0.0,
                0.0,
                0.0,
                0.0,
                0.0,
                0.0,
                0.0,
                0.0,
                0.0,
                0.0,
                0.0,
                0.0,
                0.0,
                0.0,
                0.0,
                0.0,
                0.0,
                0.0,
                0.0,
                0.0,
                0.0,
                0.0,
                0.0,
                0.0,
                0.0,
                0.0,
                0.0,
                0.0,
                0.0,
                0.0,
                0.0,
                0.0,
                0.0,
                0.0
            ],
            "mae": [
                0.0,
                0.0,
                0.0,
                0.0,
                0.0,
                0.0,
                0.0,
                0.0,
                0.0,
                0.0,
                0.0,
                0.0,
                0.0,
                0.0,
                0.0,
                0.0,
                0.0,
                0.0,
                0.0,
                0.0,
                0.0,
                0.0,
                0.0,
                0.0,
                0.0,
                0.0,
                0.0,
                0.0,
                0.0,
                0.0,
                0.0,
                0.0,
                0.0,
                0.0,
                0.0,
                0.0,
                0.0,
                0.0,
                0.0,
                0.0,
                0.0,
                0.0,
                0.0,
                0.0,
                0.0
            ],
            "r2": [
                0.0,
                0.0,
                0.0,
                0.0,
                0.0,
                0.0,
                0.0,
                0.0,
                0.0,
                0.0,
                0.0,
                0.0,
                0.0,
                0.0,
                0.0,
                0.0,
                0.0,
                0.0,
                0.0,
                0.0,
                0.0,
                0.0,
                0.0,
                0.0,
                0.0,
                0.0,
                0.0,
                0.0,
                0.0,
                0.0,
                0.0,
                0.0,
                0.0,
                0.0,
                0.0,
                0.0,
                0.0,
                0.0,
                0.0,
                0.0,
                0.0,
                0.0,
                0.0,
                0.0,
                0.0
            ]
        },
        "val": {
            "mse": [
                